{
  "author": {
    "avatar_url": null,
    "id": 956626,
    "name": "Besguerra"
  },
  "body": "COVID-19 patients to waive confidentiality\n\n\n    \n\t\n\n\t\tBy:  Dona Z. Pazzibugan\n\t\t\t\t-\t\t47 seconds ago\n\t\n\n\n  \n  \n  \n    \n      MANILA, Philippines \u2014 No less than the country\u2019s top medical and legal groups have called on authorities to disclose the identities of COVID-19 patients and so-called persons under investigation (PUIs), saying many patients continue to withhold their true medical history thus endangering the thinning ranks of healthcare workers.\n\nThe Philippine Medical Association and Philippine College of Surgeons together with the Integrated Bar of the Philippines appealed to COVID-19 patients and PUIs to voluntarily waive the confidentiality of their medical information and inform those they have recently been in close contact with.\n\nThey also urged the Department of Health to \u201cprudently use and promptly share the medical information\u201d to all concerned so they could take precautionary and remedial measures. Justice Secretary Menardo Guevarra said he \u201cstrongly\u201d supported the call and affirmed the \u201cethical and legal basis\u201d laid down by the Philippine Medical Association and the Data Privacy Commission to justify waiving the medical confidential rule \u201cin times of public health emergency.\u201d\n\n\n\nHe also strongly supports the call of the Integrated Bar of the Philippines on COVID-19 positive individuals and PUIs \u201cfor the waiver of confidentiality of their medical condition,\u201d Guevarra told reporters on Sunday.\n  \n\n\u201cThis will enable other people they have been in close contact with to take the necessary precautions or remedial measures to protect themselves, without having to further burden the Department of Health with the tedious task of contact tracing,\u201d he added.\n\nThe three medical and legal groups made the appeal in a joint statement on April 4, three weeks since the enhanced community quarantine to contain the outbreak.\n\nIn justifying their call to waive the medical confidentiality rule, they reported increasing incidents in which COVID-19 patients continue to withhold their true medical condition when seeking treatment or hospital admission \u201cthereby compromising the health institutions and the health workers,\u201d many of whom have died or fell ill from the infectious disease.\n\nEven without the individual waiver, they said, existing laws and rules grant the government \u201csufficient authority and basis\u201d to lift the confidentiality of the medical condition of COVID-19 patients and PUIs.\n\nThese include Republic Act 11332 or the 2018 Law on Reporting of Communicable Diseases, which makes illegal the \u201cnon-cooperation of persons and entities\u201d in times of public health emergencies.\n\t\t\t\t\n\n\t\t\t\t\t\n\t\t\t\n\nThe confidentiality of a patient\u2019s medical data and details is \u201cnot absolute\u201d and can be lifted \u201cwhen the public health and safety so demand\u201d or \u201cwhen the patient waives his right,\u201d the three groups pointed out.\n\nArticle III Section 3 of the Code of Ethics of the Medical Profession, they said, exempts a physician from keeping private and highly confidential a person\u2019s medical information \u201cwhen required by law, ordinance or administrative order in the promotion of justice, safety and public health.\u201d\n\nThe Health Privacy Code specifying the Joint Administrative Order No. 2016-0002 or the privacy guidelines for the implementation of the Philippine Health Information Exchange, also allows that \u201cin case of emergency where time is of the essence, disclosure may be made even without court order.\u201d\n\n  \n           \n\n\n\n Subscribe to Notifications\n\n\n\n\n\n\n\n  Unsubscribe from Notifications\n\n\n\n  \n    \n  \n    \n\n    \n\n    \n\t\n\t\n\t  \n\n    \n\t\n\n    \n    Outbrain",
  "categories": [
    {
      "confident": true,
      "id": "IAB7",
      "level": 1,
      "links": {
        "_self": "https://api.aylien.com/api/v1/classify/taxonomy/iab-qag/IAB7",
        "parent": null
      },
      "score": 0.54,
      "taxonomy": "iab-qag"
    },
    {
      "confident": true,
      "id": "IAB7-17",
      "level": 2,
      "links": {
        "_self": "https://api.aylien.com/api/v1/classify/taxonomy/iab-qag/IAB7-17",
        "parent": "https://api.aylien.com/api/v1/classify/taxonomy/iab-qag/IAB7"
      },
      "score": 0.1,
      "taxonomy": "iab-qag"
    },
    {
      "confident": true,
      "id": "04006005",
      "level": 3,
      "links": {
        "_self": "https://api.aylien.com/api/v1/classify/taxonomy/iptc-subjectcode/04006005",
        "parent": "https://api.aylien.com/api/v1/classify/taxonomy/iptc-subjectcode/04006000"
      },
      "score": 0.22,
      "taxonomy": "iptc-subjectcode"
    }
  ],
  "characters_count": 3590,
  "entities": {
    "body": [
      {
        "indices": [
          [
            436,
            445
          ]
        ],
        "links": {
          "dbpedia": "http://dbpedia.org/resource/Health_care"
        },
        "score": 0.9987399578094482,
        "text": "healthcare",
        "types": [
          "Company",
          "Maintenance"
        ]
      },
      {
        "indices": [
          [
            133,
            143
          ],
          [
            567,
            577
          ],
          [
            1280,
            1290
          ]
        ],
        "links": {
          "dbpedia": "http://dbpedia.org/resource/Philippines"
        },
        "score": 0.9999322295188904,
        "text": "Philippines",
        "types": [
          "PopulatedPlace",
          "Country",
          "Location",
          "Place",
          "MusicalArtist"
        ]
      },
      {
        "indices": [
          [
            2197,
            2214
          ]
        ],
        "links": {
          "dbpedia": "http://dbpedia.org/resource/Infection"
        },
        "score": 0.9993594884872437,
        "text": "infectious disease",
        "types": [
          "Disease",
          "Invasion",
          "MilitaryConflict"
        ]
      },
      {
        "indices": [
          [
            125,
            143
          ]
        ],
        "links": {
          "dbpedia": "http://dbpedia.org/resource/Manila"
        },
        "score": 1.0,
        "text": "MANILA, Philippines",
        "types": [
          "PopulatedPlace",
          "Location",
          "Place",
          "Settlement",
          "City"
        ]
      },
      {
        "indices": [
          [
            1820,
            1829
          ]
        ],
        "links": {
          "dbpedia": "http://dbpedia.org/resource/Quarantine"
        },
        "score": 0.9955510497093201,
        "text": "quarantine",
        "types": [
          "A"
        ]
      },
      {
        "indices": [
          [
            2943,
            2951
          ]
        ],
        "links": {
          "dbpedia": "http://dbpedia.org/resource/Physician"
        },
        "score": 0.9977409243583679,
        "text": "physician",
        "types": [
          "PersonFunction"
        ]
      },
      {
        "indices": [
          [
            1187,
            1199
          ],
          [
            2594,
            2606
          ],
          [
            2744,
            2756
          ],
          [
            3126,
            3138
          ]
        ],
        "links": {
          "dbpedia": "http://dbpedia.org/resource/Public_health"
        },
        "score": 0.9996455311775208,
        "text": "public health",
        "types": [
          "PersonFunction"
        ]
      },
      {
        "indices": [
          [
            418,
            425
          ]
        ],
        "links": {
          "dbpedia": "http://dbpedia.org/resource/Thinning"
        },
        "score": 1.0,
        "text": "thinning",
        "types": [
          "Term"
        ]
      },
      {
        "indices": [
          [
            3230,
            3236
          ]
        ],
        "links": {
          "dbpedia": "http://dbpedia.org/resource/Privacy"
        },
        "score": 0.9799290895462036,
        "text": "privacy",
        "types": [
          "MusicGenre",
          "Disease",
          "Ability"
        ]
      },
      {
        "indices": [
          [
            381,
            395
          ]
        ],
        "links": {
          "dbpedia": "http://dbpedia.org/resource/Medical_history"
        },
        "score": 0.967947781085968,
        "text": "medical history",
        "types": [
          "Company",
          "Information"
        ]
      },
      {
        "indices": [
          [
            2063,
            2070
          ]
        ],
        "links": {
          "dbpedia": "http://dbpedia.org/resource/Hospital"
        },
        "score": 0.9998565316200256,
        "text": "hospital",
        "types": [
          "University",
          "PersonFunction",
          "Institution"
        ]
      },
      {
        "indices": [
          [
            0,
            7
          ],
          [
            260,
            267
          ],
          [
            591,
            598
          ],
          [
            1295,
            1302
          ],
          [
            1969,
            1976
          ],
          [
            2399,
            2406
          ]
        ],
        "links": {
          "dbpedia": "http://dbpedia.org/resource/Coronavirus_disease_2019"
        },
        "score": 1.0,
        "text": "COVID-19",
        "types": [
          "Person",
          "Organisation"
        ]
      },
      {
        "indices": [
          [
            929,
            945
          ]
        ],
        "links": {
          "dbpedia": "http://dbpedia.org/resource/Secretary_of_State_for_Justice"
        },
        "score": 0.6623630523681641,
        "text": "Justice Secretary",
        "types": [
          "Person",
          "Position"
        ]
      },
      {
        "indices": [
          [
            125,
            130
          ]
        ],
        "links": null,
        "score": null,
        "text": "MANILA",
        "types": [
          "Place"
        ]
      },
      {
        "indices": [
          [
            545,
            558
          ],
          [
            1258,
            1271
          ]
        ],
        "links": null,
        "score": null,
        "text": "Integrated Bar",
        "types": [
          "Place",
          "Organisation"
        ]
      },
      {
        "indices": [
          [
            0,
            -1
          ],
          [
            5,
            4
          ],
          [
            6,
            5
          ],
          [
            8,
            7
          ],
          [
            9,
            8
          ],
          [
            17,
            16
          ],
          [
            18,
            17
          ],
          [
            20,
            19
          ],
          [
            21,
            20
          ],
          [
            26,
            25
          ],
          [
            27,
            26
          ],
          [
            42,
            41
          ],
          [
            55,
            54
          ],
          [
            57,
            56
          ],
          [
            60,
            59
          ],
          [
            64,
            63
          ],
          [
            65,
            64
          ],
          [
            66,
            65
          ],
          [
            68,
            67
          ],
          [
            78,
            77
          ],
          [
            86,
            85
          ],
          [
            88,
            87
          ],
          [
            89,
            88
          ],
          [
            96,
            95
          ],
          [
            97,
            96
          ],
          [
            100,
            99
          ],
          [
            125,
            124
          ],
          [
            131,
            130
          ],
          [
            133,
            132
          ],
          [
            144,
            143
          ],
          [
            147,
            146
          ],
          [
            149,
            148
          ],
          [
            150,
            149
          ],
          [
            154,
            153
          ],
          [
            155,
            154
          ],
          [
            159,
            158
          ],
          [
            160,
            159
          ],
          [
            163,
            162
          ],
          [
            164,
            163
          ],
          [
            171,
            170
          ],
          [
            172,
            171
          ],
          [
            173,
            172
          ],
          [
            174,
            173
          ],
          [
            177,
            176
          ],
          [
            178,
            177
          ],
          [
            185,
            184
          ],
          [
            186,
            185
          ],
          [
            189,
            188
          ],
          [
            190,
            189
          ],
          [
            195,
            194
          ],
          [
            196,
            195
          ],
          [
            202,
            201
          ],
          [
            203,
            202
          ],
          [
            207,
            206
          ],
          [
            208,
            207
          ],
          [
            214,
            213
          ],
          [
            215,
            214
          ],
          [
            217,
            216
          ],
          [
            218,
            217
          ],
          [
            229,
            228
          ],
          [
            230,
            229
          ],
          [
            232,
            231
          ],
          [
            233,
            232
          ],
          [
            241,
            240
          ],
          [
            242,
            241
          ],
          [
            245,
            244
          ],
          [
            246,
            245
          ],
          [
            256,
            255
          ],
          [
            257,
            256
          ],
          [
            259,
            258
          ],
          [
            260,
            259
          ],
          [
            265,
            264
          ],
          [
            266,
            265
          ],
          [
            268,
            267
          ],
          [
            269,
            268
          ],
          [
            277,
            276
          ],
          [
            278,
            277
          ],
          [
            281,
            280
          ],
          [
            282,
            281
          ],
          [
            284,
            283
          ],
          [
            285,
            284
          ],
          [
            291,
            290
          ],
          [
            292,
            291
          ],
          [
            299,
            298
          ],
          [
            300,
            299
          ],
          [
            305,
            304
          ],
          [
            306,
            305
          ],
          [
            319,
            318
          ],
          [
            321,
            320
          ],
          [
            325,
            324
          ],
          [
            328,
            327
          ],
          [
            334,
            333
          ],
          [
            335,
            334
          ],
          [
            339,
            338
          ],
          [
            340,
            339
          ],
          [
            348,
            347
          ],
          [
            349,
            348
          ],
          [
            357,
            356
          ],
          [
            358,
            357
          ],
          [
            360,
            359
          ],
          [
            361,
            360
          ],
          [
            369,
            368
          ],
          [
            370,
            369
          ],
          [
            375,
            374
          ],
          [
            376,
            375
          ],
          [
            380,
            379
          ],
          [
            381,
            380
          ],
          [
            388,
            387
          ],
          [
            389,
            388
          ],
          [
            396,
            395
          ],
          [
            397,
            396
          ],
          [
            401,
            400
          ],
          [
            402,
            401
          ],
          [
            413,
            412
          ],
          [
            414,
            413
          ],
          [
            417,
            416
          ],
          [
            418,
            417
          ],
          [
            426,
            425
          ],
          [
            427,
            426
          ],
          [
            432,
            431
          ],
          [
            433,
            432
          ],
          [
            435,
            434
          ],
          [
            436,
            435
          ],
          [
            446,
            445
          ],
          [
            447,
            446
          ],
          [
            454,
            453
          ],
          [
            457,
            456
          ],
          [
            460,
            459
          ],
          [
            461,
            460
          ],
          [
            471,
            470
          ],
          [
            472,
            471
          ],
          [
            479,
            478
          ],
          [
            480,
            479
          ],
          [
            491,
            490
          ],
          [
            492,
            491
          ],
          [
            495,
            494
          ],
          [
            496,
            495
          ],
          [
            506,
            505
          ],
          [
            507,
            506
          ],
          [
            514,
            513
          ],
          [
            515,
            514
          ],
          [
            517,
            516
          ],
          [
            518,
            517
          ],
          [
            526,
            525
          ],
          [
            527,
            526
          ],
          [
            535,
            534
          ],
          [
            536,
            535
          ],
          [
            540,
            539
          ],
          [
            541,
            540
          ],
          [
            544,
            543
          ],
          [
            545,
            544
          ],
          [
            555,
            554
          ],
          [
            556,
            555
          ],
          [
            559,
            558
          ],
          [
            560,
            559
          ],
          [
            562,
            561
          ],
          [
            563,
            562
          ],
          [
            566,
            565
          ],
          [
            567,
            566
          ],
          [
            578,
            577
          ],
          [
            579,
            578
          ],
          [
            587,
            586
          ],
          [
            588,
            587
          ],
          [
            590,
            589
          ],
          [
            591,
            590
          ],
          [
            596,
            595
          ],
          [
            597,
            596
          ],
          [
            599,
            598
          ],
          [
            600,
            599
          ],
          [
            608,
            607
          ],
          [
            609,
            608
          ],
          [
            612,
            611
          ],
          [
            613,
            612
          ],
          [
            617,
            616
          ],
          [
            618,
            617
          ],
          [
            620,
            619
          ],
          [
            621,
            620
          ],
          [
            632,
            631
          ],
          [
            633,
            632
          ],
          [
            638,
            637
          ],
          [
            639,
            638
          ],
          [
            642,
            641
          ],
          [
            643,
            642
          ],
          [
            658,
            657
          ],
          [
            659,
            658
          ],
          [
            661,
            660
          ],
          [
            662,
            661
          ],
          [
            667,
            666
          ],
          [
            668,
            667
          ],
          [
            675,
            674
          ],
          [
            676,
            675
          ],
          [
            687,
            686
          ],
          [
            688,
            687
          ],
          [
            691,
            690
          ],
          [
            692,
            691
          ],
          [
            698,
            697
          ],
          [
            699,
            698
          ],
          [
            704,
            703
          ],
          [
            705,
            704
          ],
          [
            709,
            708
          ],
          [
            710,
            709
          ],
          [
            714,
            713
          ],
          [
            715,
            714
          ],
          [
            723,
            722
          ],
          [
            724,
            723
          ],
          [
            728,
            727
          ],
          [
            729,
            728
          ],
          [
            731,
            730
          ],
          [
            732,
            731
          ],
          [
            737,
            736
          ],
          [
            738,
            737
          ],
          [
            745,
            744
          ],
          [
            746,
            745
          ],
          [
            750,
            749
          ],
          [
            753,
            752
          ],
          [
            757,
            756
          ],
          [
            758,
            757
          ],
          [
            762,
            761
          ],
          [
            763,
            762
          ],
          [
            768,
            767
          ],
          [
            769,
            768
          ],
          [
            772,
            771
          ],
          [
            773,
            772
          ],
          [
            783,
            782
          ],
          [
            784,
            783
          ],
          [
            786,
            785
          ],
          [
            787,
            786
          ],
          [
            793,
            792
          ],
          [
            794,
            793
          ],
          [
            796,
            795
          ],
          [
            798,
            797
          ],
          [
            807,
            806
          ],
          [
            808,
            807
          ],
          [
            811,
            810
          ],
          [
            812,
            811
          ],
          [
            815,
            814
          ],
          [
            816,
            815
          ],
          [
            824,
            823
          ],
          [
            825,
            824
          ],
          [
            830,
            829
          ],
          [
            831,
            830
          ],
          [
            834,
            833
          ],
          [
            835,
            834
          ],
          [
            842,
            841
          ],
          [
            843,
            842
          ],
          [
            854,
            853
          ],
          [
            856,
            855
          ],
          [
            858,
            857
          ],
          [
            859,
            858
          ],
          [
            862,
            861
          ],
          [
            863,
            862
          ],
          [
            872,
            871
          ],
          [
            873,
            872
          ],
          [
            875,
            874
          ],
          [
            876,
            875
          ],
          [
            880,
            879
          ],
          [
            881,
            880
          ],
          [
            886,
            885
          ],
          [
            887,
            886
          ],
          [
            891,
            890
          ],
          [
            892,
            891
          ],
          [
            905,
            904
          ],
          [
            906,
            905
          ],
          [
            909,
            908
          ],
          [
            910,
            909
          ],
          [
            918,
            917
          ],
          [
            919,
            918
          ],
          [
            927,
            926
          ],
          [
            929,
            928
          ],
          [
            936,
            935
          ],
          [
            937,
            936
          ],
          [
            946,
            945
          ],
          [
            947,
            946
          ],
          [
            954,
            953
          ],
          [
            955,
            954
          ],
          [
            963,
            962
          ],
          [
            964,
            963
          ],
          [
            968,
            967
          ],
          [
            969,
            968
          ],
          [
            971,
            970
          ],
          [
            973,
            972
          ],
          [
            981,
            980
          ],
          [
            983,
            982
          ],
          [
            992,
            991
          ],
          [
            993,
            992
          ],
          [
            996,
            995
          ],
          [
            997,
            996
          ],
          [
            1001,
            1000
          ],
          [
            1002,
            1001
          ],
          [
            1005,
            1004
          ],
          [
            1006,
            1005
          ],
          [
            1014,
            1013
          ],
          [
            1015,
            1014
          ],
          [
            1018,
            1017
          ],
          [
            1020,
            1019
          ],
          [
            1027,
            1026
          ],
          [
            1028,
            1027
          ],
          [
            1031,
            1030
          ],
          [
            1032,
            1031
          ],
          [
            1037,
            1036
          ],
          [
            1038,
            1037
          ],
          [
            1043,
            1042
          ],
          [
            1045,
            1044
          ],
          [
            1049,
            1048
          ],
          [
            1050,
            1049
          ],
          [
            1054,
            1053
          ],
          [
            1055,
            1054
          ],
          [
            1057,
            1056
          ],
          [
            1058,
            1057
          ],
          [
            1061,
            1060
          ],
          [
            1062,
            1061
          ],
          [
            1072,
            1071
          ],
          [
            1073,
            1072
          ],
          [
            1080,
            1079
          ],
          [
            1081,
            1080
          ],
          [
            1092,
            1091
          ],
          [
            1093,
            1092
          ],
          [
            1096,
            1095
          ],
          [
            1097,
            1096
          ],
          [
            1100,
            1099
          ],
          [
            1101,
            1100
          ],
          [
            1105,
            1104
          ],
          [
            1106,
            1105
          ],
          [
            1113,
            1112
          ],
          [
            1114,
            1113
          ],
          [
            1124,
            1123
          ],
          [
            1125,
            1124
          ],
          [
            1127,
            1126
          ],
          [
            1128,
            1127
          ],
          [
            1135,
            1134
          ],
          [
            1136,
            1135
          ],
          [
            1143,
            1142
          ],
          [
            1144,
            1143
          ],
          [
            1147,
            1146
          ],
          [
            1148,
            1147
          ],
          [
            1155,
            1154
          ],
          [
            1156,
            1155
          ],
          [
            1168,
            1167
          ],
          [
            1169,
            1168
          ],
          [
            1173,
            1172
          ],
          [
            1175,
            1174
          ],
          [
            1177,
            1176
          ],
          [
            1178,
            1177
          ],
          [
            1183,
            1182
          ],
          [
            1184,
            1183
          ],
          [
            1186,
            1185
          ],
          [
            1187,
            1186
          ],
          [
            1193,
            1192
          ],
          [
            1194,
            1193
          ],
          [
            1200,
            1199
          ],
          [
            1201,
            1200
          ],
          [
            1210,
            1209
          ],
          [
            1216,
            1215
          ],
          [
            1218,
            1217
          ],
          [
            1219,
            1218
          ],
          [
            1223,
            1222
          ],
          [
            1224,
            1223
          ],
          [
            1232,
            1231
          ],
          [
            1233,
            1232
          ],
          [
            1241,
            1240
          ],
          [
            1242,
            1241
          ],
          [
            1245,
            1244
          ],
          [
            1246,
            1245
          ],
          [
            1250,
            1249
          ],
          [
            1251,
            1250
          ],
          [
            1253,
            1252
          ],
          [
            1254,
            1253
          ],
          [
            1257,
            1256
          ],
          [
            1258,
            1257
          ],
          [
            1268,
            1267
          ],
          [
            1269,
            1268
          ],
          [
            1272,
            1271
          ],
          [
            1273,
            1272
          ],
          [
            1275,
            1274
          ],
          [
            1276,
            1275
          ],
          [
            1279,
            1278
          ],
          [
            1280,
            1279
          ],
          [
            1291,
            1290
          ],
          [
            1292,
            1291
          ],
          [
            1294,
            1293
          ],
          [
            1295,
            1294
          ],
          [
            1300,
            1299
          ],
          [
            1301,
            1300
          ],
          [
            1303,
            1302
          ],
          [
            1304,
            1303
          ],
          [
            1312,
            1311
          ],
          [
            1313,
            1312
          ],
          [
            1324,
            1323
          ],
          [
            1325,
            1324
          ],
          [
            1328,
            1327
          ],
          [
            1329,
            1328
          ],
          [
            1333,
            1332
          ],
          [
            1335,
            1334
          ],
          [
            1338,
            1337
          ],
          [
            1339,
            1338
          ],
          [
            1342,
            1341
          ],
          [
            1343,
            1342
          ],
          [
            1349,
            1348
          ],
          [
            1350,
            1349
          ],
          [
            1352,
            1351
          ],
          [
            1353,
            1352
          ],
          [
            1368,
            1367
          ],
          [
            1369,
            1368
          ],
          [
            1371,
            1370
          ],
          [
            1372,
            1371
          ],
          [
            1377,
            1376
          ],
          [
            1378,
            1377
          ],
          [
            1385,
            1384
          ],
          [
            1386,
            1385
          ],
          [
            1395,
            1394
          ],
          [
            1398,
            1397
          ],
          [
            1406,
            1405
          ],
          [
            1407,
            1406
          ],
          [
            1411,
            1410
          ],
          [
            1412,
            1411
          ],
          [
            1421,
            1420
          ],
          [
            1422,
            1421
          ],
          [
            1424,
            1423
          ],
          [
            1425,
            1424
          ],
          [
            1431,
            1430
          ],
          [
            1438,
            1437
          ],
          [
            1442,
            1441
          ],
          [
            1443,
            1442
          ],
          [
            1447,
            1446
          ],
          [
            1448,
            1447
          ],
          [
            1454,
            1453
          ],
          [
            1455,
            1454
          ],
          [
            1460,
            1459
          ],
          [
            1461,
            1460
          ],
          [
            1467,
            1466
          ],
          [
            1468,
            1467
          ],
          [
            1472,
            1471
          ],
          [
            1473,
            1472
          ],
          [
            1477,
            1476
          ],
          [
            1478,
            1477
          ],
          [
            1482,
            1481
          ],
          [
            1483,
            1482
          ],
          [
            1485,
            1484
          ],
          [
            1486,
            1485
          ],
          [
            1491,
            1490
          ],
          [
            1492,
            1491
          ],
          [
            1499,
            1498
          ],
          [
            1500,
            1499
          ],
          [
            1504,
            1503
          ],
          [
            1505,
            1504
          ],
          [
            1507,
            1506
          ],
          [
            1508,
            1507
          ],
          [
            1512,
            1511
          ],
          [
            1513,
            1512
          ],
          [
            1516,
            1515
          ],
          [
            1517,
            1516
          ],
          [
            1526,
            1525
          ],
          [
            1527,
            1526
          ],
          [
            1538,
            1537
          ],
          [
            1539,
            1538
          ],
          [
            1541,
            1540
          ],
          [
            1542,
            1541
          ],
          [
            1550,
            1549
          ],
          [
            1551,
            1550
          ],
          [
            1559,
            1558
          ],
          [
            1560,
            1559
          ],
          [
            1562,
            1561
          ],
          [
            1563,
            1562
          ],
          [
            1570,
            1569
          ],
          [
            1571,
            1570
          ],
          [
            1581,
            1580
          ],
          [
            1583,
            1582
          ],
          [
            1590,
            1589
          ],
          [
            1591,
            1590
          ],
          [
            1597,
            1596
          ],
          [
            1598,
            1597
          ],
          [
            1600,
            1599
          ],
          [
            1601,
            1600
          ],
          [
            1608,
            1607
          ],
          [
            1609,
            1608
          ],
          [
            1615,
            1614
          ],
          [
            1616,
            1615
          ],
          [
            1619,
            1618
          ],
          [
            1620,
            1619
          ],
          [
            1630,
            1629
          ],
          [
            1631,
            1630
          ],
          [
            1633,
            1632
          ],
          [
            1634,
            1633
          ],
          [
            1640,
            1639
          ],
          [
            1641,
            1640
          ],
          [
            1645,
            1644
          ],
          [
            1646,
            1645
          ],
          [
            1649,
            1648
          ],
          [
            1650,
            1649
          ],
          [
            1657,
            1656
          ],
          [
            1658,
            1657
          ],
          [
            1662,
            1661
          ],
          [
            1663,
            1662
          ],
          [
            1665,
            1664
          ],
          [
            1666,
            1665
          ],
          [
            1673,
            1672
          ],
          [
            1674,
            1673
          ],
          [
            1681,
            1680
          ],
          [
            1684,
            1683
          ],
          [
            1686,
            1685
          ],
          [
            1687,
            1686
          ],
          [
            1692,
            1691
          ],
          [
            1695,
            1694
          ],
          [
            1698,
            1697
          ],
          [
            1699,
            1698
          ],
          [
            1704,
            1703
          ],
          [
            1705,
            1704
          ],
          [
            1712,
            1711
          ],
          [
            1713,
            1712
          ],
          [
            1716,
            1715
          ],
          [
            1717,
            1716
          ],
          [
            1722,
            1721
          ],
          [
            1723,
            1722
          ],
          [
            1729,
            1728
          ],
          [
            1730,
            1729
          ],
          [
            1734,
            1733
          ],
          [
            1735,
            1734
          ],
          [
            1738,
            1737
          ],
          [
            1739,
            1738
          ],
          [
            1745,
            1744
          ],
          [
            1746,
            1745
          ],
          [
            1748,
            1747
          ],
          [
            1749,
            1748
          ],
          [
            1750,
            1749
          ],
          [
            1751,
            1750
          ],
          [
            1756,
            1755
          ],
          [
            1757,
            1756
          ],
          [
            1766,
            1765
          ],
          [
            1767,
            1766
          ],
          [
            1769,
            1768
          ],
          [
            1770,
            1769
          ],
          [
            1775,
            1774
          ],
          [
            1776,
            1775
          ],
          [
            1777,
            1776
          ],
          [
            1779,
            1778
          ],
          [
            1784,
            1783
          ],
          [
            1785,
            1784
          ],
          [
            1790,
            1789
          ],
          [
            1791,
            1790
          ],
          [
            1796,
            1795
          ],
          [
            1797,
            1796
          ],
          [
            1800,
            1799
          ],
          [
            1801,
            1800
          ],
          [
            1809,
            1808
          ],
          [
            1810,
            1809
          ],
          [
            1819,
            1818
          ],
          [
            1820,
            1819
          ],
          [
            1830,
            1829
          ],
          [
            1831,
            1830
          ],
          [
            1833,
            1832
          ],
          [
            1834,
            1833
          ],
          [
            1841,
            1840
          ],
          [
            1842,
            1841
          ],
          [
            1845,
            1844
          ],
          [
            1846,
            1845
          ],
          [
            1854,
            1853
          ],
          [
            1857,
            1856
          ],
          [
            1859,
            1858
          ],
          [
            1860,
            1859
          ],
          [
            1870,
            1869
          ],
          [
            1871,
            1870
          ],
          [
            1876,
            1875
          ],
          [
            1877,
            1876
          ],
          [
            1881,
            1880
          ],
          [
            1882,
            1881
          ],
          [
            1884,
            1883
          ],
          [
            1885,
            1884
          ],
          [
            1890,
            1889
          ],
          [
            1891,
            1890
          ],
          [
            1894,
            1893
          ],
          [
            1895,
            1894
          ],
          [
            1902,
            1901
          ],
          [
            1903,
            1902
          ],
          [
            1918,
            1917
          ],
          [
            1919,
            1918
          ],
          [
            1923,
            1922
          ],
          [
            1925,
            1924
          ],
          [
            1929,
            1928
          ],
          [
            1930,
            1929
          ],
          [
            1938,
            1937
          ],
          [
            1939,
            1938
          ],
          [
            1949,
            1948
          ],
          [
            1950,
            1949
          ],
          [
            1959,
            1958
          ],
          [
            1960,
            1959
          ],
          [
            1962,
            1961
          ],
          [
            1963,
            1962
          ],
          [
            1968,
            1967
          ],
          [
            1969,
            1968
          ],
          [
            1974,
            1973
          ],
          [
            1975,
            1974
          ],
          [
            1977,
            1976
          ],
          [
            1978,
            1977
          ],
          [
            1986,
            1985
          ],
          [
            1987,
            1986
          ],
          [
            1995,
            1994
          ],
          [
            1996,
            1995
          ],
          [
            1998,
            1997
          ],
          [
            1999,
            1998
          ],
          [
            2007,
            2006
          ],
          [
            2008,
            2007
          ],
          [
            2013,
            2012
          ],
          [
            2014,
            2013
          ],
          [
            2018,
            2017
          ],
          [
            2019,
            2018
          ],
          [
            2026,
            2025
          ],
          [
            2027,
            2026
          ],
          [
            2036,
            2035
          ],
          [
            2037,
            2036
          ],
          [
            2041,
            2040
          ],
          [
            2042,
            2041
          ],
          [
            2049,
            2048
          ],
          [
            2050,
            2049
          ],
          [
            2059,
            2058
          ],
          [
            2060,
            2059
          ],
          [
            2062,
            2061
          ],
          [
            2063,
            2062
          ],
          [
            2071,
            2070
          ],
          [
            2072,
            2071
          ],
          [
            2081,
            2080
          ],
          [
            2083,
            2082
          ],
          [
            2090,
            2089
          ],
          [
            2091,
            2090
          ],
          [
            2103,
            2102
          ],
          [
            2104,
            2103
          ],
          [
            2107,
            2106
          ],
          [
            2108,
            2107
          ],
          [
            2114,
            2113
          ],
          [
            2115,
            2114
          ],
          [
            2127,
            2126
          ],
          [
            2128,
            2127
          ],
          [
            2131,
            2130
          ],
          [
            2132,
            2131
          ],
          [
            2135,
            2134
          ],
          [
            2136,
            2135
          ],
          [
            2142,
            2141
          ],
          [
            2143,
            2142
          ],
          [
            2150,
            2149
          ],
          [
            2153,
            2152
          ],
          [
            2157,
            2156
          ],
          [
            2158,
            2157
          ],
          [
            2160,
            2159
          ],
          [
            2161,
            2160
          ],
          [
            2165,
            2164
          ],
          [
            2166,
            2165
          ],
          [
            2170,
            2169
          ],
          [
            2171,
            2170
          ],
          [
            2175,
            2174
          ],
          [
            2176,
            2175
          ],
          [
            2178,
            2177
          ],
          [
            2179,
            2178
          ],
          [
            2183,
            2182
          ],
          [
            2184,
            2183
          ],
          [
            2187,
            2186
          ],
          [
            2188,
            2187
          ],
          [
            2192,
            2191
          ],
          [
            2193,
            2192
          ],
          [
            2196,
            2195
          ],
          [
            2197,
            2196
          ],
          [
            2207,
            2206
          ],
          [
            2208,
            2207
          ],
          [
            2215,
            2214
          ],
          [
            2218,
            2217
          ],
          [
            2222,
            2221
          ],
          [
            2223,
            2222
          ],
          [
            2230,
            2229
          ],
          [
            2231,
            2230
          ],
          [
            2234,
            2233
          ],
          [
            2235,
            2234
          ],
          [
            2245,
            2244
          ],
          [
            2246,
            2245
          ],
          [
            2252,
            2251
          ],
          [
            2254,
            2253
          ],
          [
            2258,
            2257
          ],
          [
            2259,
            2258
          ],
          [
            2263,
            2262
          ],
          [
            2265,
            2264
          ],
          [
            2273,
            2272
          ],
          [
            2274,
            2273
          ],
          [
            2278,
            2277
          ],
          [
            2279,
            2278
          ],
          [
            2282,
            2281
          ],
          [
            2283,
            2282
          ],
          [
            2288,
            2287
          ],
          [
            2289,
            2288
          ],
          [
            2294,
            2293
          ],
          [
            2295,
            2294
          ],
          [
            2298,
            2297
          ],
          [
            2299,
            2298
          ],
          [
            2309,
            2308
          ],
          [
            2311,
            2310
          ],
          [
            2321,
            2320
          ],
          [
            2322,
            2321
          ],
          [
            2331,
            2330
          ],
          [
            2332,
            2331
          ],
          [
            2335,
            2334
          ],
          [
            2336,
            2335
          ],
          [
            2341,
            2340
          ],
          [
            2343,
            2342
          ],
          [
            2345,
            2344
          ],
          [
            2346,
            2345
          ],
          [
            2350,
            2349
          ],
          [
            2351,
            2350
          ],
          [
            2354,
            2353
          ],
          [
            2355,
            2354
          ],
          [
            2370,
            2369
          ],
          [
            2371,
            2370
          ],
          [
            2373,
            2372
          ],
          [
            2374,
            2373
          ],
          [
            2377,
            2376
          ],
          [
            2378,
            2377
          ],
          [
            2385,
            2384
          ],
          [
            2386,
            2385
          ],
          [
            2395,
            2394
          ],
          [
            2396,
            2395
          ],
          [
            2398,
            2397
          ],
          [
            2399,
            2398
          ],
          [
            2404,
            2403
          ],
          [
            2405,
            2404
          ],
          [
            2407,
            2406
          ],
          [
            2408,
            2407
          ],
          [
            2416,
            2415
          ],
          [
            2417,
            2416
          ],
          [
            2420,
            2419
          ],
          [
            2421,
            2420
          ],
          [
            2425,
            2424
          ],
          [
            2428,
            2427
          ],
          [
            2433,
            2432
          ],
          [
            2434,
            2433
          ],
          [
            2441,
            2440
          ],
          [
            2442,
            2441
          ],
          [
            2450,
            2449
          ],
          [
            2451,
            2450
          ],
          [
            2454,
            2453
          ],
          [
            2455,
            2454
          ],
          [
            2460,
            2459
          ],
          [
            2461,
            2460
          ],
          [
            2463,
            2462
          ],
          [
            2464,
            2463
          ],
          [
            2467,
            2466
          ],
          [
            2468,
            2467
          ],
          [
            2472,
            2471
          ],
          [
            2473,
            2472
          ],
          [
            2476,
            2475
          ],
          [
            2477,
            2476
          ],
          [
            2479,
            2478
          ],
          [
            2480,
            2479
          ],
          [
            2489,
            2488
          ],
          [
            2490,
            2489
          ],
          [
            2492,
            2491
          ],
          [
            2493,
            2492
          ],
          [
            2505,
            2504
          ],
          [
            2506,
            2505
          ],
          [
            2514,
            2513
          ],
          [
            2516,
            2515
          ],
          [
            2521,
            2520
          ],
          [
            2522,
            2521
          ],
          [
            2527,
            2526
          ],
          [
            2528,
            2527
          ],
          [
            2535,
            2534
          ],
          [
            2536,
            2535
          ],
          [
            2539,
            2538
          ],
          [
            2541,
            2540
          ],
          [
            2544,
            2543
          ],
          [
            2545,
            2544
          ],
          [
            2556,
            2555
          ],
          [
            2557,
            2556
          ],
          [
            2559,
            2558
          ],
          [
            2560,
            2559
          ],
          [
            2567,
            2566
          ],
          [
            2568,
            2567
          ],
          [
            2571,
            2570
          ],
          [
            2572,
            2571
          ],
          [
            2580,
            2579
          ],
          [
            2582,
            2581
          ],
          [
            2584,
            2583
          ],
          [
            2585,
            2584
          ],
          [
            2590,
            2589
          ],
          [
            2591,
            2590
          ],
          [
            2593,
            2592
          ],
          [
            2594,
            2593
          ],
          [
            2600,
            2599
          ],
          [
            2601,
            2600
          ],
          [
            2607,
            2606
          ],
          [
            2608,
            2607
          ],
          [
            2619,
            2618
          ],
          [
            2638,
            2637
          ],
          [
            2641,
            2640
          ],
          [
            2642,
            2641
          ],
          [
            2657,
            2656
          ],
          [
            2658,
            2657
          ],
          [
            2660,
            2659
          ],
          [
            2661,
            2660
          ],
          [
            2662,
            2661
          ],
          [
            2663,
            2662
          ],
          [
            2670,
            2669
          ],
          [
            2671,
            2670
          ],
          [
            2672,
            2671
          ],
          [
            2673,
            2672
          ],
          [
            2680,
            2679
          ],
          [
            2681,
            2680
          ],
          [
            2685,
            2684
          ],
          [
            2686,
            2685
          ],
          [
            2689,
            2688
          ],
          [
            2690,
            2689
          ],
          [
            2697,
            2696
          ],
          [
            2698,
            2697
          ],
          [
            2700,
            2699
          ],
          [
            2702,
            2701
          ],
          [
            2705,
            2704
          ],
          [
            2706,
            2705
          ],
          [
            2714,
            2713
          ],
          [
            2716,
            2715
          ],
          [
            2719,
            2718
          ],
          [
            2720,
            2719
          ],
          [
            2723,
            2722
          ],
          [
            2724,
            2723
          ],
          [
            2726,
            2725
          ],
          [
            2727,
            2726
          ],
          [
            2733,
            2732
          ],
          [
            2735,
            2734
          ],
          [
            2739,
            2738
          ],
          [
            2740,
            2739
          ],
          [
            2743,
            2742
          ],
          [
            2744,
            2743
          ],
          [
            2750,
            2749
          ],
          [
            2751,
            2750
          ],
          [
            2757,
            2756
          ],
          [
            2758,
            2757
          ],
          [
            2761,
            2760
          ],
          [
            2762,
            2761
          ],
          [
            2768,
            2767
          ],
          [
            2769,
            2768
          ],
          [
            2771,
            2770
          ],
          [
            2772,
            2771
          ],
          [
            2778,
            2777
          ],
          [
            2780,
            2779
          ],
          [
            2782,
            2781
          ],
          [
            2784,
            2783
          ],
          [
            2788,
            2787
          ],
          [
            2789,
            2788
          ],
          [
            2792,
            2791
          ],
          [
            2793,
            2792
          ],
          [
            2800,
            2799
          ],
          [
            2801,
            2800
          ],
          [
            2807,
            2806
          ],
          [
            2808,
            2807
          ],
          [
            2811,
            2810
          ],
          [
            2812,
            2811
          ],
          [
            2817,
            2816
          ],
          [
            2820,
            2819
          ],
          [
            2823,
            2822
          ],
          [
            2824,
            2823
          ],
          [
            2829,
            2828
          ],
          [
            2830,
            2829
          ],
          [
            2836,
            2835
          ],
          [
            2837,
            2836
          ],
          [
            2844,
            2843
          ],
          [
            2845,
            2844
          ],
          [
            2848,
            2847
          ],
          [
            2851,
            2850
          ],
          [
            2858,
            2857
          ],
          [
            2859,
            2858
          ],
          [
            2862,
            2861
          ],
          [
            2863,
            2862
          ],
          [
            2870,
            2869
          ],
          [
            2871,
            2870
          ],
          [
            2872,
            2871
          ],
          [
            2873,
            2872
          ],
          [
            2875,
            2874
          ],
          [
            2876,
            2875
          ],
          [
            2879,
            2878
          ],
          [
            2880,
            2879
          ],
          [
            2884,
            2883
          ],
          [
            2885,
            2884
          ],
          [
            2887,
            2886
          ],
          [
            2888,
            2887
          ],
          [
            2894,
            2893
          ],
          [
            2895,
            2894
          ],
          [
            2897,
            2896
          ],
          [
            2898,
            2897
          ],
          [
            2901,
            2900
          ],
          [
            2902,
            2901
          ],
          [
            2909,
            2908
          ],
          [
            2910,
            2909
          ],
          [
            2920,
            2919
          ],
          [
            2922,
            2921
          ],
          [
            2926,
            2925
          ],
          [
            2927,
            2926
          ],
          [
            2931,
            2930
          ],
          [
            2933,
            2932
          ],
          [
            2940,
            2939
          ],
          [
            2941,
            2940
          ],
          [
            2942,
            2941
          ],
          [
            2943,
            2942
          ],
          [
            2952,
            2951
          ],
          [
            2953,
            2952
          ],
          [
            2957,
            2956
          ],
          [
            2958,
            2957
          ],
          [
            2965,
            2964
          ],
          [
            2966,
            2965
          ],
          [
            2973,
            2972
          ],
          [
            2974,
            2973
          ],
          [
            2977,
            2976
          ],
          [
            2978,
            2977
          ],
          [
            2984,
            2983
          ],
          [
            2985,
            2984
          ],
          [
            2997,
            2996
          ],
          [
            2998,
            2997
          ],
          [
            2999,
            2998
          ],
          [
            3000,
            2999
          ],
          [
            3006,
            3005
          ],
          [
            3007,
            3006
          ],
          [
            3008,
            3007
          ],
          [
            3009,
            3008
          ],
          [
            3016,
            3015
          ],
          [
            3017,
            3016
          ],
          [
            3028,
            3027
          ],
          [
            3030,
            3029
          ],
          [
            3034,
            3033
          ],
          [
            3035,
            3034
          ],
          [
            3043,
            3042
          ],
          [
            3044,
            3043
          ],
          [
            3046,
            3045
          ],
          [
            3047,
            3046
          ],
          [
            3050,
            3049
          ],
          [
            3052,
            3051
          ],
          [
            3061,
            3060
          ],
          [
            3062,
            3061
          ],
          [
            3064,
            3063
          ],
          [
            3065,
            3064
          ],
          [
            3079,
            3078
          ],
          [
            3080,
            3079
          ],
          [
            3085,
            3084
          ],
          [
            3086,
            3085
          ],
          [
            3088,
            3087
          ],
          [
            3089,
            3088
          ],
          [
            3092,
            3091
          ],
          [
            3093,
            3092
          ],
          [
            3102,
            3101
          ],
          [
            3103,
            3102
          ],
          [
            3105,
            3104
          ],
          [
            3106,
            3105
          ],
          [
            3113,
            3112
          ],
          [
            3115,
            3114
          ],
          [
            3121,
            3120
          ],
          [
            3122,
            3121
          ],
          [
            3125,
            3124
          ],
          [
            3126,
            3125
          ],
          [
            3132,
            3131
          ],
          [
            3133,
            3132
          ],
          [
            3139,
            3138
          ],
          [
            3143,
            3142
          ],
          [
            3146,
            3145
          ],
          [
            3147,
            3146
          ],
          [
            3153,
            3152
          ],
          [
            3154,
            3153
          ],
          [
            3161,
            3160
          ],
          [
            3162,
            3161
          ],
          [
            3166,
            3165
          ],
          [
            3167,
            3166
          ],
          [
            3177,
            3176
          ],
          [
            3178,
            3177
          ],
          [
            3181,
            3180
          ],
          [
            3182,
            3181
          ],
          [
            3187,
            3186
          ],
          [
            3188,
            3187
          ],
          [
            3202,
            3201
          ],
          [
            3203,
            3202
          ],
          [
            3208,
            3207
          ],
          [
            3209,
            3208
          ],
          [
            3211,
            3210
          ],
          [
            3213,
            3212
          ],
          [
            3217,
            3216
          ],
          [
            3218,
            3217
          ],
          [
            3222,
            3221
          ],
          [
            3223,
            3222
          ],
          [
            3225,
            3224
          ],
          [
            3226,
            3225
          ],
          [
            3229,
            3228
          ],
          [
            3230,
            3229
          ],
          [
            3237,
            3236
          ],
          [
            3238,
            3237
          ],
          [
            3248,
            3247
          ],
          [
            3249,
            3248
          ],
          [
            3252,
            3251
          ],
          [
            3253,
            3252
          ],
          [
            3256,
            3255
          ],
          [
            3257,
            3256
          ],
          [
            3271,
            3270
          ],
          [
            3272,
            3271
          ],
          [
            3274,
            3273
          ],
          [
            3275,
            3274
          ],
          [
            3278,
            3277
          ],
          [
            3279,
            3278
          ],
          [
            3289,
            3288
          ],
          [
            3290,
            3289
          ],
          [
            3296,
            3295
          ],
          [
            3297,
            3296
          ],
          [
            3308,
            3307
          ],
          [
            3309,
            3308
          ],
          [
            3317,
            3316
          ],
          [
            3319,
            3318
          ],
          [
            3323,
            3322
          ],
          [
            3324,
            3323
          ],
          [
            3330,
            3329
          ],
          [
            3331,
            3330
          ],
          [
            3335,
            3334
          ],
          [
            3337,
            3336
          ],
          [
            3339,
            3338
          ],
          [
            3340,
            3339
          ],
          [
            3344,
            3343
          ],
          [
            3345,
            3344
          ],
          [
            3347,
            3346
          ],
          [
            3348,
            3347
          ],
          [
            3357,
            3356
          ],
          [
            3358,
            3357
          ],
          [
            3363,
            3362
          ],
          [
            3364,
            3363
          ],
          [
            3368,
            3367
          ],
          [
            3369,
            3368
          ],
          [
            3371,
            3370
          ],
          [
            3372,
            3371
          ],
          [
            3374,
            3373
          ],
          [
            3375,
            3374
          ],
          [
            3378,
            3377
          ],
          [
            3379,
            3378
          ],
          [
            3386,
            3385
          ],
          [
            3388,
            3387
          ],
          [
            3398,
            3397
          ],
          [
            3399,
            3398
          ],
          [
            3402,
            3401
          ],
          [
            3403,
            3402
          ],
          [
            3405,
            3404
          ],
          [
            3406,
            3405
          ],
          [
            3410,
            3409
          ],
          [
            3411,
            3410
          ],
          [
            3415,
            3414
          ],
          [
            3416,
            3415
          ],
          [
            3423,
            3422
          ],
          [
            3424,
            3423
          ],
          [
            3429,
            3428
          ],
          [
            3430,
            3429
          ],
          [
            3435,
            3434
          ],
          [
            3458,
            3457
          ],
          [
            3467,
            3466
          ],
          [
            3468,
            3467
          ],
          [
            3470,
            3469
          ],
          [
            3471,
            3470
          ],
          [
            3484,
            3483
          ],
          [
            3494,
            3493
          ],
          [
            3505,
            3504
          ],
          [
            3506,
            3505
          ],
          [
            3510,
            3509
          ],
          [
            3511,
            3510
          ],
          [
            3524,
            3523
          ],
          [
            3582,
            3581
          ],
          [
            3590,
            3589
          ]
        ],
        "links": null,
        "score": null,
        "text": "",
        "types": [
          "Person"
        ]
      },
      {
        "indices": [
          [
            947,
            962
          ]
        ],
        "links": null,
        "score": null,
        "text": "Menardo Guevarra",
        "types": [
          "Person"
        ]
      },
      {
        "indices": [
          [
            3471,
            3483
          ],
          [
            3511,
            3523
          ]
        ],
        "links": null,
        "score": null,
        "text": "Notifications",
        "types": [
          "Person"
        ]
      },
      {
        "indices": [
          [
            3494,
            3504
          ]
        ],
        "links": null,
        "score": null,
        "text": "Unsubscribe",
        "types": [
          "Person"
        ]
      },
      {
        "indices": [
          [
            60,
            77
          ]
        ],
        "links": null,
        "score": null,
        "text": "Dona Z. Pazzibugan",
        "types": [
          "Organisation"
        ]
      },
      {
        "indices": [
          [
            457,
            490
          ]
        ],
        "links": null,
        "score": null,
        "text": "The Philippine Medical Association",
        "types": [
          "Organisation"
        ]
      },
      {
        "indices": [
          [
            496,
            525
          ]
        ],
        "links": null,
        "score": null,
        "text": "Philippine College of Surgeons",
        "types": [
          "Organisation"
        ]
      },
      {
        "indices": [
          [
            773,
            792
          ],
          [
            1620,
            1639
          ]
        ],
        "links": null,
        "score": null,
        "text": "Department of Health",
        "types": [
          "Organisation"
        ]
      },
      {
        "indices": [
          [
            929,
            935
          ]
        ],
        "links": null,
        "score": null,
        "text": "Justice",
        "types": [
          "Organisation"
        ]
      },
      {
        "indices": [
          [
            461,
            490
          ],
          [
            1062,
            1091
          ]
        ],
        "links": null,
        "score": null,
        "text": "Philippine Medical Association",
        "types": [
          "Organisation"
        ]
      },
      {
        "indices": [
          [
            1101,
            1123
          ]
        ],
        "links": null,
        "score": null,
        "text": "Data Privacy Commission",
        "types": [
          "Organisation"
        ]
      },
      {
        "indices": [
          [
            3182,
            3210
          ]
        ],
        "links": null,
        "score": null,
        "text": "Joint Administrative Order No",
        "types": [
          "Organisation"
        ]
      },
      {
        "indices": [
          [
            3279,
            3316
          ]
        ],
        "links": null,
        "score": null,
        "text": "Philippine Health Information Exchange",
        "types": [
          "Organisation"
        ]
      },
      {
        "indices": [],
        "links": null,
        "score": null,
        "text": "\u201d\n\n  \n           \n\n\n\n Subscribe",
        "types": [
          "Organisation"
        ]
      }
    ],
    "title": []
  },
  "hashtags": [
    "#Confidentiality",
    "#PublicHealth",
    "#Philippines",
    "#Manila",
    "#MedicalHistory",
    "#Thinning",
    "#HealthCare",
    "#SecretaryOfStateForJustice",
    "#Quarantine",
    "#Hospital",
    "#Infection",
    "#ListOfPhilippineLaws",
    "#ArticleThreeOfTheUnitedStatesConstitution",
    "#Physician",
    "#Privacy"
  ],
  "id": 74199006,
  "keywords": [
    "patients",
    "confidentiality",
    "COVID-19",
    "medical confidential",
    "Philippine Medical",
    "Philippine Health",
    "medical",
    "COVID-19 patients",
    "Health",
    "order",
    "Philippines",
    "call",
    "healthcare",
    "infectious disease",
    "medical confidentiality",
    "MANILA, Philippines",
    "quarantine",
    "physician",
    "public health",
    "thinning",
    "privacy",
    "medical history",
    "Republic Act",
    "hospital",
    "Justice Secretary",
    "Article III"
  ],
  "language": "en",
  "links": {
    "canonical": null,
    "coverages": "/coverages?story_id=74199006",
    "permalink": "https://newsinfo.inquirer.net/1254364/covid-19-patients-to-waive-confidentiality/amp",
    "related_stories": "/related_stories?story_id=74199006"
  },
  "media": [
    {
      "content_length": 40588,
      "format": "JPEG",
      "height": 413,
      "type": "image",
      "url": "https://newsinfo.inquirer.net/wp-content/blogs.dir/10/files/2020/04/Canva-Coronavirus-positive-620x413.jpg",
      "width": 620
    }
  ],
  "paragraphs_count": 43,
  "published_at": "2020-04-05 23:59:18+00:00",
  "sentences_count": 14,
  "sentiment": {
    "body": {
      "polarity": "negative",
      "score": 0.821152
    },
    "title": {
      "polarity": "neutral",
      "score": 0.590556
    }
  },
  "social_shares_count": {
    "facebook": [],
    "google_plus": [],
    "linkedin": [],
    "reddit": [
      {
        "count": 0,
        "fetched_at": "2020-04-06 18:14:08+00:00"
      },
      {
        "count": 0,
        "fetched_at": "2020-04-06 09:17:26+00:00"
      },
      {
        "count": 0,
        "fetched_at": "2020-04-06 00:19:00+00:00"
      }
    ]
  },
  "source": {
    "description": null,
    "domain": "inquirer.net",
    "home_page_url": "http://www.inquirer.net/",
    "id": 254,
    "links_in_count": null,
    "locations": [
      {
        "city": null,
        "country": "PH",
        "state": null
      }
    ],
    "logo_url": null,
    "name": "Philippine Daily Inquirer",
    "rankings": {
      "alexa": [
        {
          "country": null,
          "fetched_at": "2019-06-06 16:38:06+00:00",
          "rank": 552
        },
        {
          "country": "IN",
          "fetched_at": "2019-06-06 16:38:06+00:00",
          "rank": 30033
        },
        {
          "country": "SG",
          "fetched_at": "2019-06-06 16:38:06+00:00",
          "rank": 1708
        },
        {
          "country": "PH",
          "fetched_at": "2019-06-06 16:38:06+00:00",
          "rank": 30
        },
        {
          "country": "US",
          "fetched_at": "2019-06-06 16:38:06+00:00",
          "rank": 8308
        },
        {
          "country": "HK",
          "fetched_at": "2019-06-06 16:38:06+00:00",
          "rank": 3802
        },
        {
          "country": "AU",
          "fetched_at": "2019-06-06 16:38:06+00:00",
          "rank": 3912
        },
        {
          "country": "SA",
          "fetched_at": "2019-06-06 16:38:06+00:00",
          "rank": 1432
        },
        {
          "country": "AE",
          "fetched_at": "2019-06-06 16:38:06+00:00",
          "rank": 2003
        },
        {
          "country": "GB",
          "fetched_at": "2019-06-06 16:38:06+00:00",
          "rank": 28685
        },
        {
          "country": "FR",
          "fetched_at": "2019-06-06 16:38:06+00:00",
          "rank": 16622
        },
        {
          "country": "KR",
          "fetched_at": "2019-06-06 16:38:06+00:00",
          "rank": 10080
        },
        {
          "country": "IT",
          "fetched_at": "2019-06-06 16:38:06+00:00",
          "rank": 9487
        },
        {
          "country": "QA",
          "fetched_at": "2019-06-06 16:38:06+00:00",
          "rank": 632
        },
        {
          "country": "CA",
          "fetched_at": "2019-06-06 16:38:06+00:00",
          "rank": 4204
        },
        {
          "country": "JP",
          "fetched_at": "2019-06-06 16:38:06+00:00",
          "rank": 4502
        },
        {
          "country": "CN",
          "fetched_at": "2019-06-06 16:38:06+00:00",
          "rank": 47615
        }
      ]
    },
    "scopes": [
      {
        "city": null,
        "country": "PH",
        "level": "national",
        "state": null
      }
    ],
    "title": null
  },
  "summary": {
    "sentences": [
      "COVID-19 patients to waive confidentiality\n\n\n    \n\t\n\n\t\tBy:  Dona Z. Pazzibugan\n\t\t\t\t-\t\t47 seconds ago\n\t\n\n\n  \n  \n  \n    \n      MANILA, Philippines \u2014 No less than the country\u2019s top medical and legal groups have called on authorities to disclose the identities of COVID-19 patients and so-called persons under investigation (PUIs), saying many patients continue to withhold their true medical history thus endangering the thinning ranks of healthcare workers.",
      "The Philippine Medical Association and Philippine College of Surgeons together with the Integrated Bar of the Philippines appealed to COVID-19 patients and PUIs to voluntarily waive the confidentiality of their medical information and inform those they have recently been in close contact with.",
      "Justice Secretary Menardo Guevarra said he \u201cstrongly\u201d supported the call and affirmed the \u201cethical and legal basis\u201d laid down by the Philippine Medical Association and the Data Privacy Commission to justify waiving the medical confidential rule \u201cin times of public health emergency.\u201d",
      "In justifying their call to waive the medical confidentiality rule, they reported increasing incidents in which COVID-19 patients continue to withhold their true medical condition when seeking treatment or hospital admission \u201cthereby compromising the health institutions and the health workers,\u201d many of whom have died or fell ill from the infectious disease.",
      "Even without the individual waiver, they said, existing laws and rules grant the government \u201csufficient authority and basis\u201d to lift the confidentiality of the medical condition of COVID-19 patients and PUIs."
    ]
  },
  "title": "COVID-19 patients to waive confidentiality",
  "words_count": 530
}
