{
  "author": {
    "avatar_url": null,
    "id": 946355,
    "name": "Staff Reporter"
  },
  "body": "The Ganjam district administration in Odisha has said it will impose a penalty on those who are not covering their faces with masks while coming out when the lockdown is relaxed from 7 a.m. to noon.\n\nCollector Vijay Amruta Kulange said violators in urban areas would be fined \u20b91,000 and those in rural areas \u20b9500.\n\nThose roaming the streets without any reason would be taken into custody and put under 14-day quarantine.\n\nIf anyone has to come out of homes during lockout relaxation period, he or she will have to cover their nose and mouth with a mask, handkerchief, scarf or any other cloth covering.\n\nGanjam is the first district in Odisha to make covering of faces compulsory with penalty on violators, as part of COVID-19 fight.\n\nGanjam district administration has also become strict on people, who roam unnecessarily during the lockdown relaxation period from 7AM to 12noon. As per order of Ganjam district administration, such irresponsible persons roaming without any reason will be taken into custody and put under 14 days quarantine. It was also found that large numbers of people including senior citizens were coming out for long morning walks during lockout relaxation time.\n\nOn Sunday, 18 persons were arrested and 307 vehicles were seized in Berhampur city of Ganjam district for violating the lockdown norms.\n\nTill now no COVID-19 case has been identified in Ganjam, the most populous district in Odisha. But threat of the killer disease looms in this district as thousands of migrant workers have returned back to their homes in Ganjam district from outside the State and other parts of Odisha.\n\nOn Sunday, Ganjam district administration declared Matia Sahi village under Golanthara police station limits as COVID-19 hotspot and sealed it off. This village now has 130 migrant labourers, who have returned back from COVID-19 hotspots in Bhubaneswar. All movements of people and vehicles in and out of Matia Sahi has been restricted till further orders. Any person violating lockdown of this village will be taken to compulsory quarantine centre on campus of nearby National Institute of Science and Technology (NIST). Inhabitants of this village are being checked up by a medical team, while home delivery of all essential commodities to them is being ensured.\n\nGanjam district administration has also imposed complete shutdown throughout the district for 19 hours from 12noon till 7AM on the next day.",
  "categories": [
    {
      "confident": true,
      "id": "IAB10-5",
      "level": 2,
      "links": {
        "_self": "https://api.aylien.com/api/v1/classify/taxonomy/iab-qag/IAB10-5",
        "parent": "https://api.aylien.com/api/v1/classify/taxonomy/iab-qag/IAB10"
      },
      "score": 0.29,
      "taxonomy": "iab-qag"
    },
    {
      "confident": false,
      "id": "IAB14-5",
      "level": 2,
      "links": {
        "_self": "https://api.aylien.com/api/v1/classify/taxonomy/iab-qag/IAB14-5",
        "parent": "https://api.aylien.com/api/v1/classify/taxonomy/iab-qag/IAB14"
      },
      "score": 0.21,
      "taxonomy": "iab-qag"
    },
    {
      "confident": false,
      "id": "IAB25-5",
      "level": 2,
      "links": {
        "_self": "https://api.aylien.com/api/v1/classify/taxonomy/iab-qag/IAB25-5",
        "parent": "https://api.aylien.com/api/v1/classify/taxonomy/iab-qag/IAB25"
      },
      "score": 0.2,
      "taxonomy": "iab-qag"
    },
    {
      "confident": true,
      "id": "IAB2-4",
      "level": 2,
      "links": {
        "_self": "https://api.aylien.com/api/v1/classify/taxonomy/iab-qag/IAB2-4",
        "parent": "https://api.aylien.com/api/v1/classify/taxonomy/iab-qag/IAB2"
      },
      "score": 0.11,
      "taxonomy": "iab-qag"
    },
    {
      "confident": false,
      "id": "IAB20-22",
      "level": 2,
      "links": {
        "_self": "https://api.aylien.com/api/v1/classify/taxonomy/iab-qag/IAB20-22",
        "parent": "https://api.aylien.com/api/v1/classify/taxonomy/iab-qag/IAB20"
      },
      "score": 0.08,
      "taxonomy": "iab-qag"
    },
    {
      "confident": false,
      "id": "IAB10",
      "level": 1,
      "links": {
        "_self": "https://api.aylien.com/api/v1/classify/taxonomy/iab-qag/IAB10",
        "parent": null
      },
      "score": 0.06,
      "taxonomy": "iab-qag"
    },
    {
      "confident": false,
      "id": "IAB14",
      "level": 1,
      "links": {
        "_self": "https://api.aylien.com/api/v1/classify/taxonomy/iab-qag/IAB14",
        "parent": null
      },
      "score": 0.06,
      "taxonomy": "iab-qag"
    },
    {
      "confident": false,
      "id": "IAB2",
      "level": 1,
      "links": {
        "_self": "https://api.aylien.com/api/v1/classify/taxonomy/iab-qag/IAB2",
        "parent": null
      },
      "score": 0.05,
      "taxonomy": "iab-qag"
    },
    {
      "confident": false,
      "id": "IAB25",
      "level": 1,
      "links": {
        "_self": "https://api.aylien.com/api/v1/classify/taxonomy/iab-qag/IAB25",
        "parent": null
      },
      "score": 0.05,
      "taxonomy": "iab-qag"
    },
    {
      "confident": false,
      "id": "IAB20",
      "level": 1,
      "links": {
        "_self": "https://api.aylien.com/api/v1/classify/taxonomy/iab-qag/IAB20",
        "parent": null
      },
      "score": 0.05,
      "taxonomy": "iab-qag"
    },
    {
      "confident": false,
      "id": "06002000",
      "level": 2,
      "links": {
        "_self": "https://api.aylien.com/api/v1/classify/taxonomy/iptc-subjectcode/06002000",
        "parent": "https://api.aylien.com/api/v1/classify/taxonomy/iptc-subjectcode/06000000"
      },
      "score": 0.04,
      "taxonomy": "iptc-subjectcode"
    }
  ],
  "characters_count": 2419,
  "entities": {
    "body": [
      {
        "indices": [
          [
            4,
            18
          ],
          [
            735,
            749
          ],
          [
            897,
            911
          ],
          [
            1275,
            1289
          ],
          [
            1546,
            1560
          ],
          [
            1624,
            1638
          ],
          [
            2279,
            2293
          ]
        ],
        "links": {
          "dbpedia": "http://dbpedia.org/resource/Ganjam_district"
        },
        "score": 1.0,
        "text": "Ganjam district",
        "types": [
          "Settlement",
          "District",
          "Location",
          "Place",
          "PopulatedPlace"
        ]
      },
      {
        "indices": [
          [
            1257,
            1265
          ]
        ],
        "links": {
          "dbpedia": "http://dbpedia.org/resource/Berhampur"
        },
        "score": 1.0,
        "text": "Berhampur",
        "types": [
          "Company",
          "Settlement",
          "Location",
          "Corporation",
          "Place",
          "PopulatedPlace"
        ]
      },
      {
        "indices": [
          [
            464,
            470
          ],
          [
            1163,
            1169
          ]
        ],
        "links": {
          "dbpedia": "http://dbpedia.org/resource/Lockout_(industry)"
        },
        "score": 0.5623773336410522,
        "text": "lockout",
        "types": [
          "Stoppage",
          "BaseballSeason"
        ]
      },
      {
        "indices": [
          [
            1734,
            1740
          ]
        ],
        "links": {
          "dbpedia": "http://dbpedia.org/resource/Hotspot_(geology)"
        },
        "score": 0.9509010910987854,
        "text": "hotspot",
        "types": [
          "Regions",
          "Settlement"
        ]
      },
      {
        "indices": [
          [
            554,
            565
          ]
        ],
        "links": {
          "dbpedia": "http://dbpedia.org/resource/Handkerchief"
        },
        "score": 1.0,
        "text": "handkerchief",
        "types": [
          "Form"
        ]
      },
      {
        "indices": [
          [
            1675,
            1681
          ],
          [
            1766,
            1772
          ],
          [
            2008,
            2014
          ],
          [
            2155,
            2161
          ]
        ],
        "links": {
          "dbpedia": "http://dbpedia.org/resource/Village"
        },
        "score": 0.984331488609314,
        "text": "village",
        "types": [
          "Settlement"
        ]
      },
      {
        "indices": [
          [
            409,
            418
          ],
          [
            1032,
            1041
          ],
          [
            2044,
            2053
          ]
        ],
        "links": {
          "dbpedia": "http://dbpedia.org/resource/Quarantine"
        },
        "score": 0.9956505298614502,
        "text": "quarantine",
        "types": [
          "A"
        ]
      },
      {
        "indices": [
          [
            38,
            43
          ],
          [
            636,
            641
          ],
          [
            1413,
            1418
          ],
          [
            1604,
            1609
          ]
        ],
        "links": {
          "dbpedia": "http://dbpedia.org/resource/Odisha"
        },
        "score": 0.999813973903656,
        "text": "Odisha",
        "types": [
          "Settlement",
          "States",
          "Location",
          "Place",
          "PopulatedPlace"
        ]
      },
      {
        "indices": [
          [
            2128,
            2131
          ]
        ],
        "links": {
          "dbpedia": "http://dbpedia.org/resource/National_Institute_of_Standards_and_Technology"
        },
        "score": 1.0,
        "text": "NIST",
        "types": [
          "Company",
          "Agent",
          "Organisation",
          "Laboratory",
          "GovernmentAgency"
        ]
      },
      {
        "indices": [
          [
            210,
            214
          ]
        ],
        "links": {
          "dbpedia": "http://dbpedia.org/resource/Vijay_(actor)"
        },
        "score": 0.9810606837272644,
        "text": "Vijay",
        "types": [
          "Agent",
          "Actor",
          "Person"
        ]
      },
      {
        "indices": [
          [
            158,
            165
          ],
          [
            834,
            841
          ],
          [
            1309,
            1316
          ],
          [
            1991,
            1998
          ]
        ],
        "links": {
          "dbpedia": "http://dbpedia.org/resource/Lockdown"
        },
        "score": 0.9593086838722229,
        "text": "lockdown",
        "types": [
          "Book",
          "Product",
          "Definitions"
        ]
      },
      {
        "indices": [
          [
            11,
            18
          ],
          [
            624,
            631
          ],
          [
            742,
            749
          ],
          [
            904,
            911
          ],
          [
            1282,
            1289
          ],
          [
            1401,
            1408
          ],
          [
            1468,
            1475
          ],
          [
            1553,
            1560
          ],
          [
            1631,
            1638
          ],
          [
            2286,
            2293
          ],
          [
            2360,
            2367
          ]
        ],
        "links": {
          "dbpedia": "http://dbpedia.org/resource/District"
        },
        "score": 0.6155022978782654,
        "text": "district",
        "types": [
          "Division",
          "Settlement",
          "Organisation"
        ]
      },
      {
        "indices": [
          [
            718,
            725
          ],
          [
            1338,
            1345
          ],
          [
            1725,
            1732
          ],
          [
            1833,
            1840
          ]
        ],
        "links": {
          "dbpedia": "http://dbpedia.org/resource/Coronavirus_disease_2019"
        },
        "score": 1.0,
        "text": "COVID-19",
        "types": [
          "Person"
        ]
      },
      {
        "indices": [
          [
            4,
            9
          ],
          [
            604,
            609
          ],
          [
            735,
            740
          ],
          [
            897,
            902
          ],
          [
            1275,
            1280
          ],
          [
            1375,
            1380
          ],
          [
            1546,
            1551
          ],
          [
            1624,
            1629
          ],
          [
            2279,
            2284
          ]
        ],
        "links": {
          "dbpedia": "http://dbpedia.org/resource/Ganjam"
        },
        "score": 0.5216185450553894,
        "text": "Ganjam",
        "types": [
          "Settlement",
          "Place",
          "Location",
          "PopulatedPlace",
          "Town",
          "Person",
          "Organisation"
        ]
      },
      {
        "indices": [
          [
            1854,
            1864
          ]
        ],
        "links": {
          "dbpedia": "http://dbpedia.org/resource/Bhubaneswar"
        },
        "score": 0.9985940456390381,
        "text": "Bhubaneswar",
        "types": [
          "Settlement",
          "City",
          "Capital",
          "Location",
          "Place",
          "PopulatedPlace"
        ]
      },
      {
        "indices": [
          [
            210,
            229
          ]
        ],
        "links": null,
        "score": null,
        "text": "Vijay Amruta Kulange",
        "types": [
          "Person"
        ]
      },
      {
        "indices": [
          [
            1664,
            1673
          ],
          [
            1918,
            1927
          ]
        ],
        "links": null,
        "score": null,
        "text": "Matia Sahi",
        "types": [
          "Person"
        ]
      },
      {
        "indices": [
          [
            1689,
            1698
          ]
        ],
        "links": null,
        "score": null,
        "text": "Golanthara",
        "types": [
          "Person"
        ]
      },
      {
        "indices": [
          [
            1579,
            1583
          ]
        ],
        "links": null,
        "score": null,
        "text": "State",
        "types": [
          "Organisation"
        ]
      },
      {
        "indices": [
          [
            2082,
            2125
          ]
        ],
        "links": null,
        "score": null,
        "text": "National Institute of Science and Technology",
        "types": [
          "Organisation"
        ]
      }
    ],
    "title": [
      {
        "indices": [
          [
            0,
            19
          ]
        ],
        "links": null,
        "score": null,
        "text": "Coronavirus | Ganjam",
        "types": [
          "Organisation"
        ]
      }
    ]
  },
  "hashtags": [
    "#GanjamDistrict",
    "#Odisha",
    "#Lockdown",
    "#District",
    "#Village",
    "#Ganjam",
    "#Quarantine",
    "#Roaming",
    "#Lockout",
    "#Coronavirus",
    "#Vijay",
    "#Handkerchief",
    "#BaseOnBalls",
    "#Relaxation",
    "#Berhampur",
    "#MigrantWorker",
    "#Hotspot",
    "#Bhubaneswar",
    "#NIST",
    "#NationalInstituteOfStandardsAndTechnology",
    "#Commodity"
  ],
  "id": 74196699,
  "keywords": [
    "Ganjam",
    "masks",
    "Coronavirus",
    "Ganjam district",
    "district",
    "village",
    "lockdown",
    "people",
    "quarantine",
    "COVID-19",
    "administration",
    "relaxation",
    "persons",
    "violators",
    "compulsory",
    "lockout",
    "Odisha",
    "Berhampur",
    "relaxation time",
    "hotspot",
    "commodities",
    "handkerchief",
    "migrant workers",
    "NIST",
    "Vijay",
    "walks",
    "roaming",
    "Bhubaneswar"
  ],
  "language": "en",
  "links": {
    "canonical": null,
    "coverages": "/coverages?story_id=74196699",
    "permalink": "https://www.thehindu.com/news/national/coronavirus-ganjam-to-penalise-those-without-masks/article31265599.ece",
    "related_stories": "/related_stories?story_id=74196699"
  },
  "media": [
    {
      "content_length": null,
      "format": "JPEG",
      "height": 384,
      "type": "image",
      "url": "https://www.thehindu.com/news/national/9hu8ez/article31265598.ece/ALTERNATES/LANDSCAPE_615/06THODISHA",
      "width": 615
    }
  ],
  "paragraphs_count": 10,
  "published_at": "2020-04-05 23:29:14+00:00",
  "sentences_count": 17,
  "sentiment": {
    "body": {
      "polarity": "negative",
      "score": 0.966092
    },
    "title": {
      "polarity": "neutral",
      "score": 0.478679
    }
  },
  "social_shares_count": {
    "facebook": [
      {
        "count": 11,
        "fetched_at": "2020-04-06 18:25:38+00:00"
      },
      {
        "count": 7,
        "fetched_at": "2020-04-06 12:26:06+00:00"
      },
      {
        "count": 1,
        "fetched_at": "2020-04-06 06:26:22+00:00"
      },
      {
        "count": 1,
        "fetched_at": "2020-04-06 00:26:22+00:00"
      }
    ],
    "google_plus": [],
    "linkedin": [],
    "reddit": [
      {
        "count": 1,
        "fetched_at": "2020-04-06 18:13:58+00:00"
      },
      {
        "count": 1,
        "fetched_at": "2020-04-06 09:17:18+00:00"
      },
      {
        "count": 1,
        "fetched_at": "2020-04-06 00:18:54+00:00"
      }
    ]
  },
  "source": {
    "description": null,
    "domain": "thehindu.com",
    "home_page_url": "http://www.thehindu.com/",
    "id": 1528,
    "links_in_count": null,
    "locations": [
      {
        "city": null,
        "country": "IN",
        "state": null
      }
    ],
    "logo_url": null,
    "name": "Hindu",
    "rankings": {
      "alexa": [
        {
          "country": null,
          "fetched_at": "2019-06-06 16:43:55+00:00",
          "rank": 1057
        },
        {
          "country": "IN",
          "fetched_at": "2019-06-06 16:43:55+00:00",
          "rank": 83
        },
        {
          "country": "SG",
          "fetched_at": "2019-06-06 16:43:55+00:00",
          "rank": 829
        },
        {
          "country": "PK",
          "fetched_at": "2019-06-06 16:43:55+00:00",
          "rank": 1993
        },
        {
          "country": "US",
          "fetched_at": "2019-06-06 16:43:55+00:00",
          "rank": 3861
        },
        {
          "country": "SA",
          "fetched_at": "2019-06-06 16:43:55+00:00",
          "rank": 1027
        },
        {
          "country": "AE",
          "fetched_at": "2019-06-06 16:43:55+00:00",
          "rank": 501
        },
        {
          "country": "GB",
          "fetched_at": "2019-06-06 16:43:55+00:00",
          "rank": 4691
        },
        {
          "country": "QA",
          "fetched_at": "2019-06-06 16:43:55+00:00",
          "rank": 193
        },
        {
          "country": "JP",
          "fetched_at": "2019-06-06 16:43:55+00:00",
          "rank": 14160
        }
      ]
    },
    "scopes": [
      {
        "city": null,
        "country": "IN",
        "level": "national",
        "state": null
      }
    ],
    "title": null
  },
  "summary": {
    "sentences": [
      "The Ganjam district administration in Odisha has said it will impose a penalty on those who are not covering their faces with masks while coming out when the lockdown is relaxed from 7 a.m. to noon.",
      "Ganjam is the first district in Odisha to make covering of faces compulsory with penalty on violators, as part of COVID-19 fight.",
      "Ganjam district administration has also become strict on people, who roam unnecessarily during the lockdown relaxation period from 7AM to 12noon.",
      "As per order of Ganjam district administration, such irresponsible persons roaming without any reason will be taken into custody and put under 14 days quarantine.",
      "On Sunday, Ganjam district administration declared Matia Sahi village under Golanthara police station limits as COVID-19 hotspot and sealed it off."
    ]
  },
  "title": "Coronavirus | Ganjam to penalise those without masks",
  "words_count": 400
}
