{
  "author": {
    "avatar_url": null,
    "id": 2423935,
    "name": "Photo: Pippa"
  },
  "body": "Prime Minister Boris Johnson is spending the night in hospital after he was admitted for tests as his coronavirus symptoms persist.\nHe will stay for \u201cas long as needed\u201d in the London NHS hospital where he was taken as a \u201cprecautionary step\u201d on the advice of his doctor \u2013 rather than as an emergency.\nThe news came just an hour after the Queen delivered a message of hope to the nation amid the Covid-19 pandemic, saying \u201cwe will overcome it\u201d although we \u201cmay have more still to endure\u201d.\n\n\n\n\n\n  A total of 4,934 patients \u2013 including frontline healthcare workers \u2013 have died in hospital after testing positive for coronavirus in the UK according to the latest figures issued by the Department of Health.\nMr Johnson, 55, tested positive for the virus 10 days ago, and has been in self-isolation inside his Downing Street flat since.\nA Number 10 spokeswoman said: \u201cOn the advice of his doctor, the Prime Minister has tonight been admitted to hospital for tests.\n\u201cThis is a precautionary step, as the Prime Minister continues to have persistent symptoms of coronavirus 10 days after testing positive for the virus.\n\u201cThe Prime Minister thanks NHS staff for all of their incredible hard work and urges the public to continue to follow the Government\u2019s advice to stay at home, protect the NHS and save lives.\u201d\n\n\n\n\n\n  US President Donald Trump was among the well-wishers, starting Sunday night\u2019s White House press briefing by saying Mr Johnson was \u201ca great friend of mine\u201d and adding: \u201cI\u2019m sure he is going to be fine, he\u2019s a strong man, a strong person.\u201d\nIn a rare televised address to the nation, the Queen personally thanked frontline NHS staff, care workers and others for \u201cselflessly\u201d carrying out their essential roles which had brought \u201cus closer to a return to more normal times\u201d.\nShe thanked others for staying at homes, separated from friends and family, and echoed the words of Forces\u2019 sweetheart Dame Vera Lynne\u2019s Second World War anthem, when she said \u201cwe will meet again\u201d.\nIt came as:\n\u2013 Scotland\u2019s chief medical officer, Dr Catherine Calderwood, resigned following criticism for visiting her second home and not adhering to social distancing advice.\n\u2013 The Department of Health said the number of reported coronavirus-related hospital deaths had risen by 621 to 4,934 as of 5pm on Saturday, up from 4,313 the day before.\n\u2013 Princess Alexandra Hospital in Harlow confirmed Lynsay Coventry, 54, who died on Thursday, was the first serving midwife to die after testing positive for the virus.\n\u2013 Health Secretary Matt Hancock warned outdoor exercise could be banned if people continued to flout the social distancing rules.\n\n\n\n\n\n  Mr Johnson remains \u201cin charge of the Government\u201d and in contact with ministerial colleagues and officials despite his hospital admission, a spokesman said.\nBut de facto deputy prime minister Dominic Raab, the Foreign Secretary, is expected to chair the daily Covid-19 meeting on Monday morning in Mr Johnson\u2019s place.\nHis persistent symptoms are understood to include a high temperature, and it was considered sensible for doctors to see the PM in person.\nMr Johnson\u2019s pregnant fiancee Carrie Symonds said on Saturday that she was \u201con the mend\u201d after spending a week in bed after also suffering coronavirus symptoms.\n\n\n\n\n\n  The 32-year-old, who is expecting the couple\u2019s baby in early summer, has been self-isolating in Camberwell, south London, with the couple\u2019s dog Dilyn.\nThe Prime Minister revealed on March 27 that he had tested positive for Covid-19 and was self-isolating with \u201cmild symptoms\u201d including a high temperature and persistent cough\nHe has shared several video updates from his Number 11 flat since the diagnosis, and stepped outside to join the nationwide clap for key workers on Thursday evening.\nMr Johnson has not been seen publicly since, but spoke to new Labour leader Sir Keir Starmer on Saturday afternoon.\nSir Keir wished the PM a \u201cspeedy recovery\u201d after the announcement.",
  "categories": [
    {
      "confident": false,
      "id": "IAB11-3",
      "level": 2,
      "links": {
        "_self": "https://api.aylien.com/api/v1/classify/taxonomy/iab-qag/IAB11-3",
        "parent": "https://api.aylien.com/api/v1/classify/taxonomy/iab-qag/IAB11"
      },
      "score": 0.35,
      "taxonomy": "iab-qag"
    },
    {
      "confident": true,
      "id": "IAB7-15",
      "level": 2,
      "links": {
        "_self": "https://api.aylien.com/api/v1/classify/taxonomy/iab-qag/IAB7-15",
        "parent": "https://api.aylien.com/api/v1/classify/taxonomy/iab-qag/IAB7"
      },
      "score": 0.12,
      "taxonomy": "iab-qag"
    },
    {
      "confident": true,
      "id": "IAB11",
      "level": 1,
      "links": {
        "_self": "https://api.aylien.com/api/v1/classify/taxonomy/iab-qag/IAB11",
        "parent": null
      },
      "score": 0.11,
      "taxonomy": "iab-qag"
    },
    {
      "confident": true,
      "id": "IAB7",
      "level": 1,
      "links": {
        "_self": "https://api.aylien.com/api/v1/classify/taxonomy/iab-qag/IAB7",
        "parent": null
      },
      "score": 0.1,
      "taxonomy": "iab-qag"
    },
    {
      "confident": false,
      "id": "07001000",
      "level": 2,
      "links": {
        "_self": "https://api.aylien.com/api/v1/classify/taxonomy/iptc-subjectcode/07001000",
        "parent": "https://api.aylien.com/api/v1/classify/taxonomy/iptc-subjectcode/07000000"
      },
      "score": 0.04,
      "taxonomy": "iptc-subjectcode"
    }
  ],
  "characters_count": 3927,
  "entities": {
    "body": [
      {
        "indices": [
          [
            2327,
            2353
          ]
        ],
        "links": {
          "dbpedia": "http://dbpedia.org/resource/Princess_Alexandra_Hospital"
        },
        "score": 0.9435179829597473,
        "text": "Princess Alexandra Hospital",
        "types": [
          "ArchitecturalStructure",
          "Hospital",
          "Location",
          "Place",
          "Building"
        ]
      },
      {
        "indices": [
          [
            542,
            551
          ]
        ],
        "links": {
          "dbpedia": "http://dbpedia.org/resource/Health_care"
        },
        "score": 0.998724639415741,
        "text": "healthcare",
        "types": [
          "Company",
          "Maintenance"
        ]
      },
      {
        "indices": [
          [
            2790,
            2797
          ]
        ],
        "links": {
          "dbpedia": "http://dbpedia.org/resource/De_facto"
        },
        "score": 0.999396026134491,
        "text": "de facto",
        "types": [
          "Expression",
          "Organisation",
          "Country"
        ]
      },
      {
        "indices": [
          [
            15,
            27
          ]
        ],
        "links": {
          "dbpedia": "http://dbpedia.org/resource/Boris_Johnson"
        },
        "score": 1.0,
        "text": "Boris Johnson",
        "types": [
          "Agent",
          "Politician",
          "OfficeHolder",
          "Person"
        ]
      },
      {
        "indices": [
          [
            2440,
            2446
          ]
        ],
        "links": {
          "dbpedia": "http://dbpedia.org/resource/Midwife"
        },
        "score": 0.9547816514968872,
        "text": "midwife",
        "types": [
          "Professional",
          "PersonFunction",
          "Person"
        ]
      },
      {
        "indices": [
          [
            2806,
            2819
          ]
        ],
        "links": {
          "dbpedia": "http://dbpedia.org/resource/Prime_minister"
        },
        "score": 0.6365841031074524,
        "text": "prime minister",
        "types": [
          "OfficeHolder"
        ]
      },
      {
        "indices": [
          [
            183,
            185
          ],
          [
            1137,
            1139
          ],
          [
            1281,
            1283
          ],
          [
            1629,
            1631
          ]
        ],
        "links": {
          "dbpedia": "http://dbpedia.org/resource/National_Health_Service"
        },
        "score": 0.8953897356987,
        "text": "NHS",
        "types": [
          "Company",
          "Organisation"
        ]
      },
      {
        "indices": [
          [
            2512,
            2523
          ]
        ],
        "links": {
          "dbpedia": "http://dbpedia.org/resource/Matt_Hancock"
        },
        "score": 0.9386551380157471,
        "text": "Matt Hancock",
        "types": [
          "Character",
          "SoapCharacter",
          "Agent",
          "FictionalCharacter",
          "Person"
        ]
      },
      {
        "indices": [
          [
            3825,
            3836
          ]
        ],
        "links": {
          "dbpedia": "http://dbpedia.org/resource/Keir_Starmer"
        },
        "score": 1.0,
        "text": "Keir Starmer",
        "types": [
          "TimePeriod",
          "MemberOfParliament",
          "Politician",
          "Agent",
          "Person"
        ]
      },
      {
        "indices": [
          [
            3361,
            3372
          ]
        ],
        "links": {
          "dbpedia": "http://dbpedia.org/resource/South_London"
        },
        "score": 1.0,
        "text": "south London",
        "types": [
          "PopulatedPlace",
          "Part",
          "Location",
          "Place",
          "Settlement"
        ]
      },
      {
        "indices": [
          [
            1322,
            1333
          ]
        ],
        "links": {
          "dbpedia": "http://dbpedia.org/resource/Donald_Trump"
        },
        "score": 0.9996205568313599,
        "text": "Donald Trump",
        "types": [
          "Businessman",
          "Politician",
          "Agent",
          "Person",
          "President"
        ]
      },
      {
        "indices": [
          [
            3573,
            3577
          ]
        ],
        "links": {
          "dbpedia": "http://dbpedia.org/resource/Cough"
        },
        "score": 0.995044469833374,
        "text": "cough",
        "types": [
          "Disease"
        ]
      },
      {
        "indices": [
          [
            3349,
            3358
          ]
        ],
        "links": {
          "dbpedia": "http://dbpedia.org/resource/Camberwell"
        },
        "score": 0.8660587668418884,
        "text": "Camberwell",
        "types": [
          "PopulatedPlace",
          "Location",
          "Place",
          "Settlement",
          "District",
          "Organisation"
        ]
      },
      {
        "indices": [
          [
            1917,
            1932
          ]
        ],
        "links": {
          "dbpedia": "http://dbpedia.org/resource/World_War_II"
        },
        "score": 0.9998174905776978,
        "text": "Second World War",
        "types": [
          "War",
          "Event",
          "MilitaryPerson",
          "SocietalEvent",
          "MilitaryConflict"
        ]
      },
      {
        "indices": [
          [
            3115,
            3120
          ]
        ],
        "links": {
          "dbpedia": "http://dbpedia.org/resource/Carrie_Mathison"
        },
        "score": 0.4371616244316101,
        "text": "Carrie",
        "types": [
          "Character",
          "Agent",
          "FictionalCharacter",
          "Person"
        ]
      },
      {
        "indices": [
          [
            2358,
            2363
          ]
        ],
        "links": {
          "dbpedia": "http://dbpedia.org/resource/Harlow"
        },
        "score": 0.9645393490791321,
        "text": "Harlow",
        "types": [
          "PopulatedPlace",
          "Town",
          "Location",
          "Place",
          "Settlement"
        ]
      },
      {
        "indices": [
          [
            1309,
            1320
          ]
        ],
        "links": {
          "dbpedia": "http://dbpedia.org/resource/President_of_the_United_States"
        },
        "score": 0.9999262094497681,
        "text": "US President",
        "types": [
          "PersonFunction",
          "Head",
          "Person"
        ]
      },
      {
        "indices": [
          [
            742,
            746
          ],
          [
            1103,
            1107
          ],
          [
            2486,
            2490
          ]
        ],
        "links": {
          "dbpedia": "http://dbpedia.org/resource/Virus"
        },
        "score": 0.9936008453369141,
        "text": "virus",
        "types": [
          "Species",
          "Agent",
          "Animal"
        ]
      },
      {
        "indices": [
          [
            176,
            181
          ],
          [
            3367,
            3372
          ]
        ],
        "links": {
          "dbpedia": "http://dbpedia.org/resource/London"
        },
        "score": 0.999305009841919,
        "text": "London",
        "types": [
          "PopulatedPlace",
          "Capital",
          "Location",
          "Place",
          "Settlement",
          "City"
        ]
      },
      {
        "indices": [
          [
            2382,
            2389
          ]
        ],
        "links": {
          "dbpedia": "http://dbpedia.org/resource/Coventry"
        },
        "score": 0.9790574312210083,
        "text": "Coventry",
        "types": [
          "PopulatedPlace",
          "Location",
          "Place",
          "Settlement",
          "City"
        ]
      },
      {
        "indices": [
          [
            2839,
            2855
          ]
        ],
        "links": {
          "dbpedia": "http://dbpedia.org/resource/Secretary_of_State_for_Foreign_and_Commonwealth_Affairs"
        },
        "score": 0.9811665415763855,
        "text": "Foreign Secretary",
        "types": [
          "Official"
        ]
      },
      {
        "indices": [
          [
            54,
            61
          ],
          [
            187,
            194
          ],
          [
            576,
            583
          ],
          [
            938,
            945
          ],
          [
            2230,
            2237
          ],
          [
            2748,
            2755
          ]
        ],
        "links": {
          "dbpedia": "http://dbpedia.org/resource/Hospital"
        },
        "score": 0.9998804330825806,
        "text": "hospital",
        "types": [
          "University",
          "PersonFunction",
          "Institution"
        ]
      },
      {
        "indices": [
          [
            0,
            13
          ],
          [
            894,
            907
          ],
          [
            996,
            1009
          ],
          [
            1115,
            1128
          ],
          [
            3408,
            3421
          ]
        ],
        "links": {
          "dbpedia": "http://dbpedia.org/resource/Prime_Minister_of_the_United_Kingdom"
        },
        "score": 0.4087744951248169,
        "text": "Prime Minister",
        "types": [
          "OfficeHolder",
          "Head",
          "Person"
        ]
      },
      {
        "indices": [
          [
            403,
            410
          ]
        ],
        "links": {
          "dbpedia": "http://dbpedia.org/resource/Pandemic"
        },
        "score": 0.994594395160675,
        "text": "pandemic",
        "types": [
          "Arachnid",
          "Epidemic"
        ]
      },
      {
        "indices": [
          [
            394,
            401
          ],
          [
            2889,
            2896
          ],
          [
            3476,
            3483
          ]
        ],
        "links": {
          "dbpedia": "http://dbpedia.org/resource/Coronavirus_disease_2019"
        },
        "score": 1.0,
        "text": "Covid-19",
        "types": [
          "Person"
        ]
      },
      {
        "indices": [
          [
            1387,
            1397
          ]
        ],
        "links": {
          "dbpedia": "http://dbpedia.org/resource/White_House"
        },
        "score": 0.9990475177764893,
        "text": "White House",
        "types": [
          "ArchitecturalStructure",
          "Residence",
          "Location",
          "Place",
          "Stadium",
          "Building",
          "Organisation"
        ]
      },
      {
        "indices": [
          [
            3393,
            3395
          ]
        ],
        "links": {
          "dbpedia": "http://dbpedia.org/resource/Dog"
        },
        "score": 0.9999343752861023,
        "text": "dog",
        "types": [
          "MusicGenre",
          "Canid",
          "Mammal"
        ]
      },
      {
        "indices": [
          [
            102,
            112
          ],
          [
            612,
            622
          ],
          [
            1052,
            1062
          ],
          [
            2210,
            2220
          ],
          [
            3224,
            3234
          ]
        ],
        "links": {
          "dbpedia": "http://dbpedia.org/resource/Coronavirus"
        },
        "score": 1.0,
        "text": "coronavirus",
        "types": [
          "Species",
          "Eukaryote"
        ]
      },
      {
        "indices": [
          [
            3807,
            3812
          ]
        ],
        "links": {
          "dbpedia": "http://dbpedia.org/resource/Labour_Party_(UK)"
        },
        "score": 0.9813098907470703,
        "text": "Labour",
        "types": [
          "Organisation",
          "Agent",
          "PoliticalParty",
          "Party"
        ]
      },
      {
        "indices": [
          [
            1992,
            1999
          ]
        ],
        "links": {
          "dbpedia": "http://dbpedia.org/resource/Scotland"
        },
        "score": 0.9852613806724548,
        "text": "Scotland",
        "types": [
          "Country",
          "MusicalArtist",
          "Place"
        ]
      },
      {
        "indices": [
          [
            631,
            632
          ]
        ],
        "links": null,
        "score": null,
        "text": "UK",
        "types": [
          "Place"
        ]
      },
      {
        "indices": [
          [
            1309,
            1310
          ]
        ],
        "links": null,
        "score": null,
        "text": "US",
        "types": [
          "Place"
        ]
      },
      {
        "indices": [
          [
            3624,
            3637
          ]
        ],
        "links": null,
        "score": null,
        "text": "Number 11 flat",
        "types": [
          "Place"
        ]
      },
      {
        "indices": [
          [
            21,
            27
          ],
          [
            705,
            711
          ],
          [
            1427,
            1433
          ],
          [
            2633,
            2639
          ],
          [
            2930,
            2936
          ],
          [
            3088,
            3094
          ],
          [
            3748,
            3754
          ]
        ],
        "links": null,
        "score": null,
        "text": "Johnson",
        "types": [
          "Person"
        ]
      },
      {
        "indices": [
          [
            1880,
            1885
          ]
        ],
        "links": null,
        "score": null,
        "text": "Forces",
        "types": [
          "Person"
        ]
      },
      {
        "indices": [
          [
            1899,
            1913
          ]
        ],
        "links": null,
        "score": null,
        "text": "Dame Vera Lynne",
        "types": [
          "Person"
        ]
      },
      {
        "indices": [
          [
            2029,
            2048
          ]
        ],
        "links": null,
        "score": null,
        "text": "Catherine Calderwood",
        "types": [
          "Person"
        ]
      },
      {
        "indices": [
          [
            2375,
            2389
          ]
        ],
        "links": null,
        "score": null,
        "text": "Lynsay Coventry",
        "types": [
          "Person"
        ]
      },
      {
        "indices": [
          [
            2821,
            2832
          ]
        ],
        "links": null,
        "score": null,
        "text": "Dominic Raab",
        "types": [
          "Person"
        ]
      },
      {
        "indices": [
          [
            3115,
            3128
          ]
        ],
        "links": null,
        "score": null,
        "text": "Carrie Symonds",
        "types": [
          "Person"
        ]
      },
      {
        "indices": [
          [
            3397,
            3401
          ]
        ],
        "links": null,
        "score": null,
        "text": "Dilyn",
        "types": [
          "Person"
        ]
      },
      {
        "indices": [
          [
            3825,
            3828
          ],
          [
            3865,
            3868
          ]
        ],
        "links": null,
        "score": null,
        "text": "Keir",
        "types": [
          "Person"
        ]
      },
      {
        "indices": [
          [
            176,
            185
          ]
        ],
        "links": null,
        "score": null,
        "text": "London NHS",
        "types": [
          "Organisation"
        ]
      },
      {
        "indices": [
          [
            337,
            341
          ],
          [
            1594,
            1598
          ]
        ],
        "links": null,
        "score": null,
        "text": "Queen",
        "types": [
          "Organisation"
        ]
      },
      {
        "indices": [
          [
            680,
            699
          ],
          [
            2161,
            2180
          ]
        ],
        "links": null,
        "score": null,
        "text": "Department of Health",
        "types": [
          "Organisation"
        ]
      },
      {
        "indices": [
          [
            830,
            840
          ]
        ],
        "links": null,
        "score": null,
        "text": "A Number 10",
        "types": [
          "Organisation"
        ]
      },
      {
        "indices": [
          [
            1232,
            1241
          ],
          [
            2667,
            2676
          ]
        ],
        "links": null,
        "score": null,
        "text": "Government",
        "types": [
          "Organisation"
        ]
      },
      {
        "indices": [
          [
            2157,
            2180
          ]
        ],
        "links": null,
        "score": null,
        "text": "The Department of Health",
        "types": [
          "Organisation"
        ]
      },
      {
        "indices": [
          [
            2839,
            2845
          ]
        ],
        "links": null,
        "score": null,
        "text": "Foreign",
        "types": [
          "Organisation"
        ]
      }
    ],
    "title": [
      {
        "indices": [
          [
            0,
            12
          ]
        ],
        "links": {
          "dbpedia": "http://dbpedia.org/resource/Boris_Johnson"
        },
        "score": 1.0,
        "text": "Boris Johnson",
        "types": [
          "Agent",
          "Politician",
          "OfficeHolder",
          "Person"
        ]
      },
      {
        "indices": [
          [
            30,
            37
          ]
        ],
        "links": {
          "dbpedia": "http://dbpedia.org/resource/Hospital"
        },
        "score": 1.0,
        "text": "hospital",
        "types": [
          "University",
          "PersonFunction",
          "Institution"
        ]
      }
    ]
  },
  "hashtags": [
    "#Hospital",
    "#Coronavirus",
    "#PrimeMinisterOfTheUnitedKingdom",
    "#NHS",
    "#NationalHealthService",
    "#Virus",
    "#BorisJohnson",
    "#Temperature",
    "#London",
    "#Pandemic",
    "#HealthCare",
    "#DowningStreet",
    "#PresidentOfTheUnitedStates",
    "#DonaldTrump",
    "#WhiteHouse",
    "#WorldWarII",
    "#Scotland",
    "#PrincessAlexandraHospital",
    "#Harlow",
    "#Coventry",
    "#Midwife",
    "#SecretaryOfStateForHealthAndSocialCare",
    "#MattHancock",
    "#DeFacto",
    "#PrimeMinister",
    "#SecretaryOfStateForForeignAndCommonwealthAffairs",
    "#CarrieMathison",
    "#Camberwell",
    "#SouthLondon",
    "#Dog",
    "#Cough",
    "#LabourParty",
    "#KeirStarmer"
  ],
  "id": 74198971,
  "keywords": [
    "night",
    "Johnson",
    "hospital",
    "coronavirus",
    "Boris",
    "Boris Johnson",
    "Prime Minister",
    "prime minister",
    "Minister",
    "advice",
    "Prime",
    "Covid-19",
    "symptoms",
    "workers",
    "positive",
    "Saturday",
    "Number",
    "doctor",
    "Government",
    "social",
    "Princess Alexandra Hospital",
    "healthcare",
    "de facto",
    "midwife",
    "NHS",
    "Matt Hancock",
    "Keir Starmer",
    "south London",
    "Donald Trump",
    "cough",
    "Camberwell",
    "Second World War",
    "Carrie",
    "Harlow",
    "US President",
    "virus",
    "London",
    "Coventry",
    "Foreign Secretary",
    "Health Secretary",
    "temperature",
    "pandemic",
    "White House",
    "dog",
    "Labour",
    "Scotland",
    "Downing Street"
  ],
  "language": "en",
  "links": {
    "canonical": null,
    "coverages": "/coverages?story_id=74198971",
    "permalink": "https://www.itv.com/news/2020-04-06/boris-johnson-spends-night-in-hospital-as-he-battles-coronavirus/",
    "related_stories": "/related_stories?story_id=74198971"
  },
  "media": [
    {
      "content_length": 91217,
      "format": "JPEG",
      "height": 1210,
      "type": "image",
      "url": "https://news.images.itv.com/image/file/2175787/2.53312807.jpg",
      "width": 800
    }
  ],
  "paragraphs_count": 25,
  "published_at": "2020-04-05 23:58:41+00:00",
  "sentences_count": 23,
  "sentiment": {
    "body": {
      "polarity": "positive",
      "score": 0.993148
    },
    "title": {
      "polarity": "neutral",
      "score": 0.842066
    }
  },
  "social_shares_count": {
    "facebook": [
      {
        "count": 0,
        "fetched_at": "2020-04-06 18:25:41+00:00"
      },
      {
        "count": 0,
        "fetched_at": "2020-04-06 12:26:08+00:00"
      },
      {
        "count": 0,
        "fetched_at": "2020-04-06 06:26:23+00:00"
      },
      {
        "count": 0,
        "fetched_at": "2020-04-06 00:26:23+00:00"
      }
    ],
    "google_plus": [],
    "linkedin": [],
    "reddit": [
      {
        "count": 0,
        "fetched_at": "2020-04-06 18:14:07+00:00"
      },
      {
        "count": 0,
        "fetched_at": "2020-04-06 09:17:25+00:00"
      },
      {
        "count": 0,
        "fetched_at": "2020-04-06 00:19:00+00:00"
      }
    ]
  },
  "source": {
    "description": null,
    "domain": "itv.com",
    "home_page_url": "http://www.itv.com/",
    "id": 1105,
    "links_in_count": null,
    "locations": [],
    "logo_url": null,
    "name": "ITV",
    "rankings": {
      "alexa": [
        {
          "country": null,
          "fetched_at": "2019-06-06 16:32:30+00:00",
          "rank": 3658
        },
        {
          "country": "IN",
          "fetched_at": "2019-06-06 16:32:30+00:00",
          "rank": 29508
        },
        {
          "country": "ES",
          "fetched_at": "2019-06-06 16:32:30+00:00",
          "rank": 8065
        },
        {
          "country": "US",
          "fetched_at": "2019-06-06 16:32:30+00:00",
          "rank": 10506
        },
        {
          "country": "IE",
          "fetched_at": "2019-06-06 16:32:30+00:00",
          "rank": 432
        },
        {
          "country": "AU",
          "fetched_at": "2019-06-06 16:32:30+00:00",
          "rank": 5782
        },
        {
          "country": "GB",
          "fetched_at": "2019-06-06 16:32:30+00:00",
          "rank": 94
        },
        {
          "country": "FR",
          "fetched_at": "2019-06-06 16:32:30+00:00",
          "rank": 11504
        },
        {
          "country": "IT",
          "fetched_at": "2019-06-06 16:32:30+00:00",
          "rank": 11823
        },
        {
          "country": "GR",
          "fetched_at": "2019-06-06 16:32:30+00:00",
          "rank": 3669
        },
        {
          "country": "CA",
          "fetched_at": "2019-06-06 16:32:30+00:00",
          "rank": 5756
        },
        {
          "country": "JP",
          "fetched_at": "2019-06-06 16:32:30+00:00",
          "rank": 27615
        },
        {
          "country": "CN",
          "fetched_at": "2019-06-06 16:32:30+00:00",
          "rank": 40500
        },
        {
          "country": "DE",
          "fetched_at": "2019-06-06 16:32:30+00:00",
          "rank": 11766
        }
      ]
    },
    "scopes": [],
    "title": null
  },
  "summary": {
    "sentences": [
      "Prime Minister Boris Johnson is spending the night in hospital after he was admitted for tests as his coronavirus symptoms persist.",
      "A Number 10 spokeswoman said: \u201cOn the advice of his doctor, the Prime Minister has tonight been admitted to hospital for tests.",
      "\u201cThis is a precautionary step, as the Prime Minister continues to have persistent symptoms of coronavirus 10 days after testing positive for the virus.",
      "But de facto deputy prime minister Dominic Raab, the Foreign Secretary, is expected to chair the daily Covid-19 meeting on Monday morning in Mr Johnson\u2019s place.",
      "The Prime Minister revealed on March 27 that he had tested positive for Covid-19 and was self-isolating with \u201cmild symptoms\u201d including a high temperature and persistent cough\nHe has shared several video updates from his Number 11 flat since the diagnosis, and stepped outside to join the nationwide clap for key workers on Thursday evening."
    ]
  },
  "title": "Boris Johnson spends night in hospital as he battles coronavirus",
  "words_count": 668
}
