{
  "_id": "covid19_articles_20200504/5811",
  "url": "https://www.cnbc.com/2020/03/02/reuters-america-wto-director-general-told-trade-delegates-the-effects-of-coronavirus-on-global-economy-likely-to-be-substantial--geneva.html",
  "published_at": "2020-03-02",
  "title": "WTO DIRECTOR GENERAL TOLD TRADE DELEGATES THE EFFECTS OF CORONAVIRUS ON GLOBAL ECONOMY \"LIKELY TO BE SUBSTANTIAL\" - GENEVA TRADE OFFICIAL",
  "content": "WTO DIRECTOR GENERAL TOLD TRADE DELEGATES THE EFFECTS OF CORONAVIRUS ON GLOBAL ECONOMY \"LIKELY TO BE SUBSTANTIAL\" - GENEVA TRADE OFFICIAL",
  "timestamp": 1598987720.529475,
  "source": "cnbc",
  "topic_area": "finance"
}
